0.372453,1,,,,,,
0.40300394,1,,,,,,
0.43355488,1,,,,,,
0.46410582,1,,,,,,
0.49465676,1,,,,,,
0.5252077,1,,,,,,
0.55575864,1,,,,,,
0.58630958,1,,,,,,
0.61686052,1,,,,,,
0.64741146,1,,,,,,
0.6779624,1,,,,,,
0.70851334,1,,,,,,
0.73906428,1,,,,,,
0.76961522,1,,,,,,
0.80016616,1,,,,,,
0.8307171,1,,,,,,
0.86126804,1,,,,,,
0.89181898,1,,,,,,
0.92236992,1,,,,,,
0.95292086,1,,,,,,
0.9834718,1,,,,,,
1.01402274,1,,,,,,
1.04457368,1,,,,,,
1.07512462,1,,,,,,
1.10567556,1,,,,,,
1.1362265,1,,,,,,
1.16677744,1,,,,,,
1.19732838,1,,,,,,
1.22787932,1,,,,,,
1.25843026,1,,,,,,
1.2889812,1,,,,,,
1.31953214,1,,,,,,
1.35008308,1,,,,,,
1.38063402,1,,,,,,
1.41118496,1,16,,,,,
1.4417359,1,16,,,,,
1.47228684,1,16,6,,,,
1.50283778,1,16,6,,,,
1.53338872,1,16,6,9,,,
1.56393966,1,16,9,,,,
1.5944906,1,16,19,,,,
1.62504154,1,16,19,6,,,
1.65559248,1,16,19,6,,,
1.68614342,1,16,19,6,,,
1.71669436,1,16,19,6,9,,
1.7472453,1,16,19,9,,,
1.77779624,1,16,19,9,6,,
1.80834718,1,16,19,9,6,,
1.83889812,1,16,19,9,6,,
1.86944906,1,16,19,9,6,3,
1.9,1,16,19,15,,,
0.372453,2,,,,,,
0.40300394,2,,,,,,
0.43355488,2,,,,,,
0.46410582,2,,,,,,
0.49465676,2,,,,,,
0.5252077,2,,,,,,
0.55575864,2,,,,,,
0.58630958,2,,,,,,
0.61686052,2,,,,,,
0.64741146,2,,,,,,
0.6779624,2,,,,,,
0.70851334,2,,,,,,
0.73906428,2,,,,,,
0.76961522,2,,,,,,
0.80016616,2,,,,,,
0.8307171,2,,,,,,
0.86126804,2,,,,,,
0.89181898,2,,,,,,
0.92236992,2,,,,,,
0.95292086,2,,,,,,
0.9834718,2,,,,,,
1.01402274,2,,,,,,
1.04457368,2,,,,,,
1.07512462,2,,,,,,
1.10567556,2,,,,,,
1.1362265,2,,,,,,
1.16677744,2,,,,,,
1.19732838,2,,,,,,
1.22787932,2,,,,,,
1.25843026,2,,,,,,
1.2889812,2,,,,,,
1.31953214,2,,,,,,
1.35008308,2,,,,,,
1.38063402,2,,,,,,
1.41118496,2,16,,,,,
1.4417359,2,16,,,,,
1.47228684,2,16,6,,,,
1.50283778,2,16,6,,,,
1.53338872,2,16,6,9,,,
1.56393966,2,16,9,,,,
1.5944906,2,16,19,,,,
1.62504154,2,16,19,6,,,
1.65559248,2,16,19,6,,,
1.68614342,2,16,19,6,,,
1.71669436,2,16,19,6,9,,
1.7472453,2,16,19,9,,,
1.77779624,2,16,19,9,6,,
1.80834718,2,16,19,9,6,,
1.83889812,2,16,19,9,6,,
1.86944906,2,16,19,9,6,3,
1.9,2,16,19,15,,,
0.372453,4,,,,,,
0.40300394,4,,,,,,
0.43355488,4,,,,,,
0.46410582,4,,,,,,
0.49465676,4,,,,,,
0.5252077,4,,,,,,
0.55575864,4,,,,,,
0.58630958,4,,,,,,
0.61686052,4,,,,,,
0.64741146,4,,,,,,
0.6779624,4,,,,,,
0.70851334,4,,,,,,
0.73906428,4,,,,,,
0.76961522,4,,,,,,
0.80016616,4,,,,,,
0.8307171,4,,,,,,
0.86126804,4,,,,,,
0.89181898,4,,,,,,
0.92236992,4,,,,,,
0.95292086,4,,,,,,
0.9834718,4,,,,,,
1.01402274,4,,,,,,
1.04457368,4,,,,,,
1.07512462,4,,,,,,
1.10567556,4,,,,,,
1.1362265,4,,,,,,
1.16677744,4,,,,,,
1.19732838,4,,,,,,
1.22787932,4,,,,,,
1.25843026,4,,,,,,
1.2889812,4,,,,,,
1.31953214,4,,,,,,
1.35008308,4,,,,,,
1.38063402,4,,,,,,
1.41118496,4,16,,,,,
1.4417359,4,16,,,,,
1.47228684,4,16,6,,,,
1.50283778,4,16,6,,,,
1.53338872,4,16,6,9,,,
1.56393966,4,16,9,,,,
1.5944906,4,16,19,,,,
1.62504154,4,16,19,6,,,
1.65559248,4,16,19,6,,,
1.68614342,4,16,19,6,,,
1.71669436,4,16,19,6,9,,
1.7472453,4,16,19,9,,,
1.77779624,4,16,19,9,6,,
1.80834718,4,16,19,9,6,,
1.83889812,4,16,19,9,6,,
1.86944906,4,16,19,9,6,3,
1.9,4,16,19,15,,,
0.372453,5,,,,,,
0.40300394,5,,,,,,
0.43355488,5,,,,,,
0.46410582,5,,,,,,
0.49465676,5,,,,,,
0.5252077,5,,,,,,
0.55575864,5,,,,,,
0.58630958,5,,,,,,
0.61686052,5,,,,,,
0.64741146,5,,,,,,
0.6779624,5,,,,,,
0.70851334,5,,,,,,
0.73906428,5,,,,,,
0.76961522,5,,,,,,
0.80016616,5,,,,,,
0.8307171,5,,,,,,
0.86126804,5,,,,,,
0.89181898,5,,,,,,
0.92236992,5,,,,,,
0.95292086,5,,,,,,
0.9834718,5,,,,,,
1.01402274,5,,,,,,
1.04457368,5,,,,,,
1.07512462,5,,,,,,
1.10567556,5,,,,,,
1.1362265,5,,,,,,
1.16677744,5,,,,,,
1.19732838,5,,,,,,
1.22787932,5,,,,,,
1.25843026,5,,,,,,
1.2889812,5,,,,,,
1.31953214,5,,,,,,
1.35008308,5,,,,,,
1.38063402,5,,,,,,
1.41118496,5,,,,,,
1.4417359,5,,,,,,
1.47228684,5,,,,,,
1.50283778,5,,,,,,
1.53338872,5,,,,,,
1.56393966,5,,,,,,
1.5944906,5,,,,,,
1.62504154,5,,,,,,
1.65559248,5,,,,,,
1.68614342,5,,,,,,
1.71669436,5,,,,,,
1.7472453,5,,,,,,
1.77779624,5,,,,,,
1.80834718,5,,,,,,
1.83889812,5,,,,,,
1.86944906,5,,,,,,
1.9,5,,,,,,
0.372453,6,,,,,,
0.40300394,6,,,,,,
0.43355488,6,,,,,,
0.46410582,6,,,,,,
0.49465676,6,,,,,,
0.5252077,6,,,,,,
0.55575864,6,,,,,,
0.58630958,6,,,,,,
0.61686052,6,,,,,,
0.64741146,6,,,,,,
0.6779624,6,,,,,,
0.70851334,6,,,,,,
0.73906428,6,,,,,,
0.76961522,6,,,,,,
0.80016616,6,,,,,,
0.8307171,6,,,,,,
0.86126804,6,,,,,,
0.89181898,6,,,,,,
0.92236992,6,,,,,,
0.95292086,6,,,,,,
0.9834718,6,,,,,,
1.01402274,6,,,,,,
1.04457368,6,,,,,,
1.07512462,6,,,,,,
1.10567556,6,,,,,,
1.1362265,6,,,,,,
1.16677744,6,,,,,,
1.19732838,6,,,,,,
1.22787932,6,,,,,,
1.25843026,6,,,,,,
1.2889812,6,,,,,,
1.31953214,6,,,,,,
1.35008308,6,,,,,,
1.38063402,6,,,,,,
1.41118496,6,,,,,,
1.4417359,6,,,,,,
1.47228684,6,,,,,,
1.50283778,6,,,,,,
1.53338872,6,,,,,,
1.56393966,6,,,,,,
1.5944906,6,,,,,,
1.62504154,6,16,,,,,
1.65559248,6,16,,,,,
1.68614342,6,16,,,,,
1.71669436,6,16,6,,,,
1.7472453,6,16,6,,,,
1.77779624,6,16,6,,,,
1.80834718,6,16,6,19,,,
1.83889812,6,16,19,,,,
1.86944906,6,16,19,,,,
1.9,6,16,19,,,,
0.372453,8,,,,,,
0.40300394,8,,,,,,
0.43355488,8,,,,,,
0.46410582,8,,,,,,
0.49465676,8,,,,,,
0.5252077,8,,,,,,
0.55575864,8,,,,,,
0.58630958,8,,,,,,
0.61686052,8,,,,,,
0.64741146,8,,,,,,
0.6779624,8,,,,,,
0.70851334,8,,,,,,
0.73906428,8,,,,,,
0.76961522,8,,,,,,
0.80016616,8,,,,,,
0.8307171,8,,,,,,
0.86126804,8,,,,,,
0.89181898,8,,,,,,
0.92236992,8,,,,,,
0.95292086,8,,,,,,
0.9834718,8,,,,,,
1.01402274,8,,,,,,
1.04457368,8,,,,,,
1.07512462,8,,,,,,
1.10567556,8,,,,,,
1.1362265,8,,,,,,
1.16677744,8,,,,,,
1.19732838,8,,,,,,
1.22787932,8,,,,,,
1.25843026,8,,,,,,
1.2889812,8,,,,,,
1.31953214,8,,,,,,
1.35008308,8,,,,,,
1.38063402,8,,,,,,
1.41118496,8,,,,,,
1.4417359,8,,,,,,
1.47228684,8,,,,,,
1.50283778,8,,,,,,
1.53338872,8,,,,,,
1.56393966,8,,,,,,
1.5944906,8,,,,,,
1.62504154,8,,,,,,
1.65559248,8,,,,,,
1.68614342,8,,,,,,
1.71669436,8,,,,,,
1.7472453,8,,,,,,
1.77779624,8,,,,,,
1.80834718,8,,,,,,
1.83889812,8,,,,,,
1.86944906,8,16,,,,,
1.9,8,16,,,,,
0.372453,9,16,19,15,18,,
0.40300394,9,16,18,15,19,,
0.43355488,9,18,15,19,16,,
0.46410582,9,16,15,18,19,,
0.49465676,9,19,15,18,16,,
0.5252077,9,15,18,19,16,,
0.55575864,9,16,19,18,15,,
0.58630958,9,15,18,16,19,,
0.61686052,9,16,18,15,19,,
0.64741146,9,18,16,15,19,,
0.6779624,9,18,16,19,15,,
0.70851334,9,16,18,15,19,,
0.73906428,9,19,15,18,16,,
0.76961522,9,15,16,19,18,,
0.80016616,9,16,18,19,15,,
0.8307171,9,18,19,15,16,,
0.86126804,9,19,18,15,16,,
0.89181898,9,18,16,15,19,,
0.92236992,9,16,18,15,19,,
0.95292086,9,19,18,15,16,,
0.9834718,9,18,15,16,19,,
1.01402274,9,18,15,19,16,,
1.04457368,9,15,18,16,19,,
1.07512462,9,19,18,16,15,,
1.10567556,9,19,18,15,16,,
1.1362265,9,18,15,16,19,,
1.16677744,9,16,18,19,15,,
1.19732838,9,16,18,19,15,,
1.22787932,9,18,15,19,16,,
1.25843026,9,19,15,18,16,,
1.2889812,9,16,15,18,19,,
1.31953214,9,19,18,15,16,,
1.35008308,9,15,19,16,18,,
1.38063402,9,18,15,19,16,,
1.41118496,9,15,16,18,19,,
1.4417359,9,19,16,15,18,,
1.47228684,9,19,15,18,16,,
1.50283778,9,16,15,18,19,,
1.53338872,9,16,19,15,18,,
1.56393966,9,18,19,15,16,,
1.5944906,9,16,15,18,19,,
1.62504154,9,19,16,18,15,,
1.65559248,9,16,19,18,15,,
1.68614342,9,18,16,15,19,,
1.71669436,9,18,15,19,16,,
1.7472453,9,19,16,15,18,,
1.77779624,9,16,19,15,18,,
1.80834718,9,18,19,15,16,,
1.83889812,9,19,18,16,15,,
1.86944906,9,18,15,19,16,,
1.9,9,15,16,18,19,,
0.372453,10,,,,,,
0.40300394,10,,,,,,
0.43355488,10,,,,,,
0.46410582,10,,,,,,
0.49465676,10,,,,,,
0.5252077,10,,,,,,
0.55575864,10,,,,,,
0.58630958,10,,,,,,
0.61686052,10,,,,,,
0.64741146,10,,,,,,
0.6779624,10,,,,,,
0.70851334,10,,,,,,
0.73906428,10,,,,,,
0.76961522,10,,,,,,
0.80016616,10,,,,,,
0.8307171,10,,,,,,
0.86126804,10,,,,,,
0.89181898,10,,,,,,
0.92236992,10,,,,,,
0.95292086,10,,,,,,
0.9834718,10,,,,,,
1.01402274,10,,,,,,
1.04457368,10,,,,,,
1.07512462,10,,,,,,
1.10567556,10,,,,,,
1.1362265,10,,,,,,
1.16677744,10,,,,,,
1.19732838,10,,,,,,
1.22787932,10,,,,,,
1.25843026,10,,,,,,
1.2889812,10,,,,,,
1.31953214,10,,,,,,
1.35008308,10,,,,,,
1.38063402,10,,,,,,
1.41118496,10,,,,,,
1.4417359,10,,,,,,
1.47228684,10,,,,,,
1.50283778,10,,,,,,
1.53338872,10,,,,,,
1.56393966,10,,,,,,
1.5944906,10,,,,,,
1.62504154,10,,,,,,
1.65559248,10,,,,,,
1.68614342,10,,,,,,
1.71669436,10,,,,,,
1.7472453,10,,,,,,
1.77779624,10,,,,,,
1.80834718,10,,,,,,
1.83889812,10,,,,,,
1.86944906,10,,,,,,
1.9,10,,,,,,
0.372453,11,,,,,,
0.40300394,11,,,,,,
0.43355488,11,,,,,,
0.46410582,11,,,,,,
0.49465676,11,,,,,,
0.5252077,11,,,,,,
0.55575864,11,,,,,,
0.58630958,11,,,,,,
0.61686052,11,,,,,,
0.64741146,11,,,,,,
0.6779624,11,,,,,,
0.70851334,11,,,,,,
0.73906428,11,,,,,,
0.76961522,11,,,,,,
0.80016616,11,,,,,,
0.8307171,11,,,,,,
0.86126804,11,,,,,,
0.89181898,11,,,,,,
0.92236992,11,,,,,,
0.95292086,11,,,,,,
0.9834718,11,,,,,,
1.01402274,11,,,,,,
1.04457368,11,,,,,,
1.07512462,11,,,,,,
1.10567556,11,,,,,,
1.1362265,11,,,,,,
1.16677744,11,,,,,,
1.19732838,11,,,,,,
1.22787932,11,,,,,,
1.25843026,11,,,,,,
1.2889812,11,,,,,,
1.31953214,11,,,,,,
1.35008308,11,,,,,,
1.38063402,11,,,,,,
1.41118496,11,,,,,,
1.4417359,11,,,,,,
1.47228684,11,,,,,,
1.50283778,11,,,,,,
1.53338872,11,,,,,,
1.56393966,11,,,,,,
1.5944906,11,,,,,,
1.62504154,11,,,,,,
1.65559248,11,,,,,,
1.68614342,11,,,,,,
1.71669436,11,,,,,,
1.7472453,11,,,,,,
1.77779624,11,,,,,,
1.80834718,11,,,,,,
1.83889812,11,,,,,,
1.86944906,11,,,,,,
1.9,11,,,,,,
0.372453,12,,,,,,
0.40300394,12,,,,,,
0.43355488,12,,,,,,
0.46410582,12,,,,,,
0.49465676,12,,,,,,
0.5252077,12,,,,,,
0.55575864,12,,,,,,
0.58630958,12,,,,,,
0.61686052,12,,,,,,
0.64741146,12,,,,,,
0.6779624,12,,,,,,
0.70851334,12,,,,,,
0.73906428,12,,,,,,
0.76961522,12,,,,,,
0.80016616,12,,,,,,
0.8307171,12,,,,,,
0.86126804,12,,,,,,
0.89181898,12,,,,,,
0.92236992,12,,,,,,
0.95292086,12,,,,,,
0.9834718,12,,,,,,
1.01402274,12,,,,,,
1.04457368,12,,,,,,
1.07512462,12,,,,,,
1.10567556,12,,,,,,
1.1362265,12,,,,,,
1.16677744,12,,,,,,
1.19732838,12,,,,,,
1.22787932,12,,,,,,
1.25843026,12,,,,,,
1.2889812,12,,,,,,
1.31953214,12,,,,,,
1.35008308,12,,,,,,
1.38063402,12,,,,,,
1.41118496,12,,,,,,
1.4417359,12,,,,,,
1.47228684,12,,,,,,
1.50283778,12,,,,,,
1.53338872,12,,,,,,
1.56393966,12,,,,,,
1.5944906,12,,,,,,
1.62504154,12,,,,,,
1.65559248,12,,,,,,
1.68614342,12,,,,,,
1.71669436,12,,,,,,
1.7472453,12,,,,,,
1.77779624,12,,,,,,
1.80834718,12,,,,,,
1.83889812,12,,,,,,
1.86944906,12,,,,,,
1.9,12,,,,,,
0.372453,13,,,,,,
0.40300394,13,,,,,,
0.43355488,13,,,,,,
0.46410582,13,,,,,,
0.49465676,13,,,,,,
0.5252077,13,,,,,,
0.55575864,13,,,,,,
0.58630958,13,,,,,,
0.61686052,13,,,,,,
0.64741146,13,,,,,,
0.6779624,13,,,,,,
0.70851334,13,,,,,,
0.73906428,13,,,,,,
0.76961522,13,,,,,,
0.80016616,13,,,,,,
0.8307171,13,,,,,,
0.86126804,13,,,,,,
0.89181898,13,,,,,,
0.92236992,13,,,,,,
0.95292086,13,,,,,,
0.9834718,13,,,,,,
1.01402274,13,,,,,,
1.04457368,13,,,,,,
1.07512462,13,,,,,,
1.10567556,13,,,,,,
1.1362265,13,,,,,,
1.16677744,13,,,,,,
1.19732838,13,,,,,,
1.22787932,13,,,,,,
1.25843026,13,,,,,,
1.2889812,13,,,,,,
1.31953214,13,,,,,,
1.35008308,13,,,,,,
1.38063402,13,,,,,,
1.41118496,13,,,,,,
1.4417359,13,,,,,,
1.47228684,13,,,,,,
1.50283778,13,,,,,,
1.53338872,13,,,,,,
1.56393966,13,,,,,,
1.5944906,13,,,,,,
1.62504154,13,,,,,,
1.65559248,13,,,,,,
1.68614342,13,,,,,,
1.71669436,13,,,,,,
1.7472453,13,,,,,,
1.77779624,13,,,,,,
1.80834718,13,,,,,,
1.83889812,13,,,,,,
1.86944906,13,,,,,,
1.9,13,,,,,,
0.372453,14,,,,,,
0.40300394,14,,,,,,
0.43355488,14,,,,,,
0.46410582,14,,,,,,
0.49465676,14,,,,,,
0.5252077,14,,,,,,
0.55575864,14,,,,,,
0.58630958,14,,,,,,
0.61686052,14,,,,,,
0.64741146,14,,,,,,
0.6779624,14,,,,,,
0.70851334,14,,,,,,
0.73906428,14,,,,,,
0.76961522,14,,,,,,
0.80016616,14,,,,,,
0.8307171,14,,,,,,
0.86126804,14,,,,,,
0.89181898,14,,,,,,
0.92236992,14,,,,,,
0.95292086,14,,,,,,
0.9834718,14,,,,,,
1.01402274,14,,,,,,
1.04457368,14,,,,,,
1.07512462,14,,,,,,
1.10567556,14,,,,,,
1.1362265,14,,,,,,
1.16677744,14,,,,,,
1.19732838,14,,,,,,
1.22787932,14,,,,,,
1.25843026,14,,,,,,
1.2889812,14,,,,,,
1.31953214,14,,,,,,
1.35008308,14,,,,,,
1.38063402,14,,,,,,
1.41118496,14,,,,,,
1.4417359,14,,,,,,
1.47228684,14,,,,,,
1.50283778,14,,,,,,
1.53338872,14,,,,,,
1.56393966,14,,,,,,
1.5944906,14,,,,,,
1.62504154,14,,,,,,
1.65559248,14,,,,,,
1.68614342,14,,,,,,
1.71669436,14,,,,,,
1.7472453,14,,,,,,
1.77779624,14,,,,,,
1.80834718,14,,,,,,
1.83889812,14,,,,,,
1.86944906,14,,,,,,
1.9,14,,,,,,
0.372453,15,,,,,,
0.40300394,15,,,,,,
0.43355488,15,,,,,,
0.46410582,15,,,,,,
0.49465676,15,,,,,,
0.5252077,15,,,,,,
0.55575864,15,,,,,,
0.58630958,15,,,,,,
0.61686052,15,,,,,,
0.64741146,15,,,,,,
0.6779624,15,,,,,,
0.70851334,15,,,,,,
0.73906428,15,,,,,,
0.76961522,15,,,,,,
0.80016616,15,,,,,,
0.8307171,15,,,,,,
0.86126804,15,,,,,,
0.89181898,15,,,,,,
0.92236992,15,,,,,,
0.95292086,15,,,,,,
0.9834718,15,,,,,,
1.01402274,15,,,,,,
1.04457368,15,,,,,,
1.07512462,15,,,,,,
1.10567556,15,,,,,,
1.1362265,15,,,,,,
1.16677744,15,,,,,,
1.19732838,15,,,,,,
1.22787932,15,,,,,,
1.25843026,15,,,,,,
1.2889812,15,,,,,,
1.31953214,15,,,,,,
1.35008308,15,,,,,,
1.38063402,15,,,,,,
1.41118496,15,,,,,,
1.4417359,15,,,,,,
1.47228684,15,,,,,,
1.50283778,15,,,,,,
1.53338872,15,,,,,,
1.56393966,15,,,,,,
1.5944906,15,,,,,,
1.62504154,15,,,,,,
1.65559248,15,,,,,,
1.68614342,15,,,,,,
1.71669436,15,,,,,,
1.7472453,15,,,,,,
1.77779624,15,,,,,,
1.80834718,15,,,,,,
1.83889812,15,,,,,,
1.86944906,15,,,,,,
1.9,15,,,,,,
0.372453,16,,,,,,
0.40300394,16,,,,,,
0.43355488,16,,,,,,
0.46410582,16,,,,,,
0.49465676,16,,,,,,
0.5252077,16,,,,,,
0.55575864,16,,,,,,
0.58630958,16,,,,,,
0.61686052,16,,,,,,
0.64741146,16,,,,,,
0.6779624,16,,,,,,
0.70851334,16,,,,,,
0.73906428,16,,,,,,
0.76961522,16,,,,,,
0.80016616,16,,,,,,
0.8307171,16,,,,,,
0.86126804,16,,,,,,
0.89181898,16,,,,,,
0.92236992,16,,,,,,
0.95292086,16,,,,,,
0.9834718,16,,,,,,
1.01402274,16,,,,,,
1.04457368,16,,,,,,
1.07512462,16,,,,,,
1.10567556,16,,,,,,
1.1362265,16,,,,,,
1.16677744,16,,,,,,
1.19732838,16,,,,,,
1.22787932,16,,,,,,
1.25843026,16,,,,,,
1.2889812,16,,,,,,
1.31953214,16,,,,,,
1.35008308,16,,,,,,
1.38063402,16,,,,,,
1.41118496,16,,,,,,
1.4417359,16,,,,,,
1.47228684,16,,,,,,
1.50283778,16,,,,,,
1.53338872,16,,,,,,
1.56393966,16,,,,,,
1.5944906,16,,,,,,
1.62504154,16,,,,,,
1.65559248,16,,,,,,
1.68614342,16,,,,,,
1.71669436,16,,,,,,
1.7472453,16,,,,,,
1.77779624,16,,,,,,
1.80834718,16,,,,,,
1.83889812,16,,,,,,
1.86944906,16,,,,,,
1.9,16,,,,,,
0.372453,17,,,,,,
0.40300394,17,,,,,,
0.43355488,17,,,,,,
0.46410582,17,,,,,,
0.49465676,17,,,,,,
0.5252077,17,,,,,,
0.55575864,17,,,,,,
0.58630958,17,,,,,,
0.61686052,17,,,,,,
0.64741146,17,,,,,,
0.6779624,17,,,,,,
0.70851334,17,,,,,,
0.73906428,17,,,,,,
0.76961522,17,,,,,,
0.80016616,17,,,,,,
0.8307171,17,,,,,,
0.86126804,17,,,,,,
0.89181898,17,,,,,,
0.92236992,17,,,,,,
0.95292086,17,,,,,,
0.9834718,17,,,,,,
1.01402274,17,,,,,,
1.04457368,17,,,,,,
1.07512462,17,,,,,,
1.10567556,17,,,,,,
1.1362265,17,,,,,,
1.16677744,17,,,,,,
1.19732838,17,,,,,,
1.22787932,17,,,,,,
1.25843026,17,,,,,,
1.2889812,17,,,,,,
1.31953214,17,,,,,,
1.35008308,17,,,,,,
1.38063402,17,,,,,,
1.41118496,17,,,,,,
1.4417359,17,,,,,,
1.47228684,17,,,,,,
1.50283778,17,,,,,,
1.53338872,17,,,,,,
1.56393966,17,,,,,,
1.5944906,17,,,,,,
1.62504154,17,,,,,,
1.65559248,17,,,,,,
1.68614342,17,,,,,,
1.71669436,17,,,,,,
1.7472453,17,,,,,,
1.77779624,17,,,,,,
1.80834718,17,,,,,,
1.83889812,17,,,,,,
1.86944906,17,,,,,,
1.9,17,,,,,,
0.372453,18,,,,,,
0.40300394,18,,,,,,
0.43355488,18,,,,,,
0.46410582,18,,,,,,
0.49465676,18,,,,,,
0.5252077,18,,,,,,
0.55575864,18,,,,,,
0.58630958,18,,,,,,
0.61686052,18,,,,,,
0.64741146,18,,,,,,
0.6779624,18,,,,,,
0.70851334,18,,,,,,
0.73906428,18,,,,,,
0.76961522,18,,,,,,
0.80016616,18,,,,,,
0.8307171,18,,,,,,
0.86126804,18,,,,,,
0.89181898,18,,,,,,
0.92236992,18,,,,,,
0.95292086,18,,,,,,
0.9834718,18,,,,,,
1.01402274,18,,,,,,
1.04457368,18,,,,,,
1.07512462,18,,,,,,
1.10567556,18,,,,,,
1.1362265,18,,,,,,
1.16677744,18,,,,,,
1.19732838,18,,,,,,
1.22787932,18,,,,,,
1.25843026,18,,,,,,
1.2889812,18,,,,,,
1.31953214,18,,,,,,
1.35008308,18,,,,,,
1.38063402,18,,,,,,
1.41118496,18,,,,,,
1.4417359,18,,,,,,
1.47228684,18,,,,,,
1.50283778,18,,,,,,
1.53338872,18,,,,,,
1.56393966,18,,,,,,
1.5944906,18,,,,,,
1.62504154,18,,,,,,
1.65559248,18,,,,,,
1.68614342,18,,,,,,
1.71669436,18,,,,,,
1.7472453,18,,,,,,
1.77779624,18,,,,,,
1.80834718,18,,,,,,
1.83889812,18,,,,,,
1.86944906,18,,,,,,
1.9,18,,,,,,
0.372453,19,,,,,,
0.40300394,19,,,,,,
0.43355488,19,,,,,,
0.46410582,19,,,,,,
0.49465676,19,,,,,,
0.5252077,19,,,,,,
0.55575864,19,,,,,,
0.58630958,19,,,,,,
0.61686052,19,,,,,,
0.64741146,19,,,,,,
0.6779624,19,,,,,,
0.70851334,19,,,,,,
0.73906428,19,,,,,,
0.76961522,19,,,,,,
0.80016616,19,,,,,,
0.8307171,19,,,,,,
0.86126804,19,,,,,,
0.89181898,19,,,,,,
0.92236992,19,,,,,,
0.95292086,19,,,,,,
0.9834718,19,,,,,,
1.01402274,19,,,,,,
1.04457368,19,,,,,,
1.07512462,19,,,,,,
1.10567556,19,,,,,,
1.1362265,19,,,,,,
1.16677744,19,,,,,,
1.19732838,19,,,,,,
1.22787932,19,,,,,,
1.25843026,19,,,,,,
1.2889812,19,,,,,,
1.31953214,19,,,,,,
1.35008308,19,,,,,,
1.38063402,19,,,,,,
1.41118496,19,,,,,,
1.4417359,19,,,,,,
1.47228684,19,,,,,,
1.50283778,19,,,,,,
1.53338872,19,,,,,,
1.56393966,19,,,,,,
1.5944906,19,,,,,,
1.62504154,19,,,,,,
1.65559248,19,,,,,,
1.68614342,19,,,,,,
1.71669436,19,,,,,,
1.7472453,19,,,,,,
1.77779624,19,,,,,,
1.80834718,19,,,,,,
1.83889812,19,,,,,,
1.86944906,19,,,,,,
1.9,19,,,,,,
0.372453,20,,,,,,
0.40300394,20,,,,,,
0.43355488,20,,,,,,
0.46410582,20,,,,,,
0.49465676,20,,,,,,
0.5252077,20,,,,,,
0.55575864,20,,,,,,
0.58630958,20,,,,,,
0.61686052,20,,,,,,
0.64741146,20,,,,,,
0.6779624,20,,,,,,
0.70851334,20,,,,,,
0.73906428,20,,,,,,
0.76961522,20,,,,,,
0.80016616,20,,,,,,
0.8307171,20,,,,,,
0.86126804,20,,,,,,
0.89181898,20,,,,,,
0.92236992,20,,,,,,
0.95292086,20,,,,,,
0.9834718,20,,,,,,
1.01402274,20,,,,,,
1.04457368,20,,,,,,
1.07512462,20,,,,,,
1.10567556,20,,,,,,
1.1362265,20,,,,,,
1.16677744,20,,,,,,
1.19732838,20,,,,,,
1.22787932,20,,,,,,
1.25843026,20,,,,,,
1.2889812,20,,,,,,
1.31953214,20,,,,,,
1.35008308,20,,,,,,
1.38063402,20,,,,,,
1.41118496,20,,,,,,
1.4417359,20,,,,,,
1.47228684,20,,,,,,
1.50283778,20,,,,,,
1.53338872,20,,,,,,
1.56393966,20,,,,,,
1.5944906,20,,,,,,
1.62504154,20,,,,,,
1.65559248,20,,,,,,
1.68614342,20,,,,,,
1.71669436,20,,,,,,
1.7472453,20,,,,,,
1.77779624,20,,,,,,
1.80834718,20,,,,,,
1.83889812,20,,,,,,
1.86944906,20,,,,,,
1.9,20,,,,,,
0.372453,21,,,,,,
0.40300394,21,,,,,,
0.43355488,21,,,,,,
0.46410582,21,,,,,,
0.49465676,21,,,,,,
0.5252077,21,,,,,,
0.55575864,21,,,,,,
0.58630958,21,,,,,,
0.61686052,21,,,,,,
0.64741146,21,,,,,,
0.6779624,21,,,,,,
0.70851334,21,,,,,,
0.73906428,21,,,,,,
0.76961522,21,,,,,,
0.80016616,21,,,,,,
0.8307171,21,,,,,,
0.86126804,21,,,,,,
0.89181898,21,,,,,,
0.92236992,21,,,,,,
0.95292086,21,,,,,,
0.9834718,21,,,,,,
1.01402274,21,,,,,,
1.04457368,21,,,,,,
1.07512462,21,,,,,,
1.10567556,21,,,,,,
1.1362265,21,,,,,,
1.16677744,21,,,,,,
1.19732838,21,,,,,,
1.22787932,21,,,,,,
1.25843026,21,,,,,,
1.2889812,21,,,,,,
1.31953214,21,,,,,,
1.35008308,21,,,,,,
1.38063402,21,,,,,,
1.41118496,21,,,,,,
1.4417359,21,,,,,,
1.47228684,21,,,,,,
1.50283778,21,,,,,,
1.53338872,21,,,,,,
1.56393966,21,,,,,,
1.5944906,21,,,,,,
1.62504154,21,,,,,,
1.65559248,21,,,,,,
1.68614342,21,,,,,,
1.71669436,21,,,,,,
1.7472453,21,,,,,,
1.77779624,21,,,,,,
1.80834718,21,,,,,,
1.83889812,21,,,,,,
1.86944906,21,,,,,,
1.9,21,,,,,,
0.372453,22,,,,,,
0.40300394,22,,,,,,
0.43355488,22,,,,,,
0.46410582,22,,,,,,
0.49465676,22,,,,,,
0.5252077,22,,,,,,
0.55575864,22,,,,,,
0.58630958,22,,,,,,
0.61686052,22,,,,,,
0.64741146,22,,,,,,
0.6779624,22,,,,,,
0.70851334,22,,,,,,
0.73906428,22,,,,,,
0.76961522,22,,,,,,
0.80016616,22,,,,,,
0.8307171,22,,,,,,
0.86126804,22,,,,,,
0.89181898,22,,,,,,
0.92236992,22,,,,,,
0.95292086,22,,,,,,
0.9834718,22,,,,,,
1.01402274,22,,,,,,
1.04457368,22,,,,,,
1.07512462,22,,,,,,
1.10567556,22,,,,,,
1.1362265,22,,,,,,
1.16677744,22,,,,,,
1.19732838,22,,,,,,
1.22787932,22,,,,,,
1.25843026,22,,,,,,
1.2889812,22,,,,,,
1.31953214,22,,,,,,
1.35008308,22,,,,,,
1.38063402,22,,,,,,
1.41118496,22,,,,,,
1.4417359,22,,,,,,
1.47228684,22,,,,,,
1.50283778,22,,,,,,
1.53338872,22,,,,,,
1.56393966,22,,,,,,
1.5944906,22,,,,,,
1.62504154,22,,,,,,
1.65559248,22,,,,,,
1.68614342,22,,,,,,
1.71669436,22,,,,,,
1.7472453,22,,,,,,
1.77779624,22,,,,,,
1.80834718,22,,,,,,
1.83889812,22,,,,,,
1.86944906,22,,,,,,
1.9,22,,,,,,
0.372453,23,,,,,,
0.40300394,23,,,,,,
0.43355488,23,,,,,,
0.46410582,23,,,,,,
0.49465676,23,,,,,,
0.5252077,23,,,,,,
0.55575864,23,,,,,,
0.58630958,23,,,,,,
0.61686052,23,,,,,,
0.64741146,23,,,,,,
0.6779624,23,,,,,,
0.70851334,23,,,,,,
0.73906428,23,,,,,,
0.76961522,23,,,,,,
0.80016616,23,,,,,,
0.8307171,23,,,,,,
0.86126804,23,,,,,,
0.89181898,23,,,,,,
0.92236992,23,,,,,,
0.95292086,23,,,,,,
0.9834718,23,,,,,,
1.01402274,23,,,,,,
1.04457368,23,,,,,,
1.07512462,23,,,,,,
1.10567556,23,,,,,,
1.1362265,23,,,,,,
1.16677744,23,,,,,,
1.19732838,23,,,,,,
1.22787932,23,,,,,,
1.25843026,23,,,,,,
1.2889812,23,,,,,,
1.31953214,23,,,,,,
1.35008308,23,,,,,,
1.38063402,23,,,,,,
1.41118496,23,,,,,,
1.4417359,23,,,,,,
1.47228684,23,,,,,,
1.50283778,23,,,,,,
1.53338872,23,,,,,,
1.56393966,23,,,,,,
1.5944906,23,,,,,,
1.62504154,23,,,,,,
1.65559248,23,,,,,,
1.68614342,23,,,,,,
1.71669436,23,,,,,,
1.7472453,23,,,,,,
1.77779624,23,,,,,,
1.80834718,23,,,,,,
1.83889812,23,,,,,,
1.86944906,23,,,,,,
1.9,23,,,,,,
0.372453,24,1,8,7,2,5,
0.40300394,24,7,2,8,5,1,
0.43355488,24,2,8,7,1,5,
0.46410582,24,8,7,1,5,2,
0.49465676,24,1,7,2,8,5,
0.5252077,24,2,7,1,8,5,
0.55575864,24,2,1,8,5,7,
0.58630958,24,1,7,8,2,5,
0.61686052,24,8,7,1,2,5,
0.64741146,24,5,1,7,2,8,
0.6779624,24,5,2,7,8,1,
0.70851334,24,5,7,2,1,8,
0.73906428,24,2,8,7,5,1,
0.76961522,24,5,8,2,7,1,
0.80016616,24,5,1,8,2,7,
0.8307171,24,2,8,5,7,1,
0.86126804,24,5,1,7,8,2,
0.89181898,24,5,1,8,2,7,
0.92236992,24,5,2,7,8,1,
0.95292086,24,1,8,2,7,5,
0.9834718,24,5,7,1,8,2,
1.01402274,24,5,8,2,7,1,
1.04457368,24,1,8,7,2,5,
1.07512462,24,8,7,5,1,2,
1.10567556,24,8,7,1,2,5,
1.1362265,24,5,1,8,7,2,
1.16677744,24,1,7,8,5,2,
1.19732838,24,1,5,7,8,2,
1.22787932,24,8,1,5,7,2,
1.25843026,24,5,1,7,8,2,
1.2889812,24,8,7,2,1,5,
1.31953214,24,1,2,8,5,7,
1.35008308,24,5,7,1,8,2,
1.38063402,24,8,1,5,2,7,
1.41118496,24,8,5,7,2,1,
1.4417359,24,1,7,8,2,5,
1.47228684,24,2,7,8,1,5,
1.50283778,24,5,7,2,1,8,
1.53338872,24,5,2,1,8,7,
1.56393966,24,5,8,1,2,7,
1.5944906,24,1,8,2,7,5,
1.62504154,24,5,2,8,7,1,
1.65559248,24,7,8,1,5,2,
1.68614342,24,2,7,5,8,1,
1.71669436,24,1,8,5,2,7,
1.7472453,24,2,5,1,8,7,
1.77779624,24,7,1,5,2,8,
1.80834718,24,7,8,5,1,2,
1.83889812,24,5,2,8,7,1,
1.86944906,24,7,1,5,8,2,
1.9,24,1,5,8,7,2,
0.372453,25,8,1,10,7,5,2
0.40300394,25,2,10,8,5,7,1
0.43355488,25,8,1,7,5,2,10
0.46410582,25,5,8,1,10,2,7
0.49465676,25,5,10,7,8,1,2
0.5252077,25,10,8,5,7,2,1
0.55575864,25,7,1,8,10,2,5
0.58630958,25,2,7,1,8,5,10
0.61686052,25,5,1,10,8,2,7
0.64741146,25,1,7,10,8,2,5
0.6779624,25,5,10,8,7,1,2
0.70851334,25,5,10,8,2,1,7
0.73906428,25,1,2,10,8,7,5
0.76961522,25,5,2,7,10,8,1
0.80016616,25,1,8,10,5,7,2
0.8307171,25,1,7,8,10,2,5
0.86126804,25,1,8,10,7,2,5
0.89181898,25,5,2,7,10,1,8
0.92236992,25,10,8,1,2,7,5
0.95292086,25,10,8,2,5,1,7
0.9834718,25,5,7,1,10,8,2
1.01402274,25,5,2,1,8,10,7
1.04457368,25,2,1,10,5,8,7
1.07512462,25,10,1,8,5,7,2
1.10567556,25,5,10,1,2,7,8
1.1362265,25,2,10,1,8,5,7
1.16677744,25,2,7,1,10,8,5
1.19732838,25,5,2,8,10,7,1
1.22787932,25,1,10,7,8,2,5
1.25843026,25,5,7,10,2,8,1
1.2889812,25,1,2,10,5,8,7
1.31953214,25,10,2,1,8,7,5
1.35008308,25,7,2,10,5,1,8
1.38063402,25,5,1,2,8,10,7
1.41118496,25,5,10,8,1,2,7
1.4417359,25,5,7,10,8,1,2
1.47228684,25,7,10,2,1,5,8
1.50283778,25,5,10,8,2,1,7
1.53338872,25,8,7,5,2,10,1
1.56393966,25,8,10,5,1,2,7
1.5944906,25,10,7,8,5,1,2
1.62504154,25,2,10,8,7,5,1
1.65559248,25,1,5,10,2,7,8
1.68614342,25,2,7,8,5,10,1
1.71669436,25,8,10,5,7,1,2
1.7472453,25,5,8,2,7,1,10
1.77779624,25,7,8,5,1,10,2
1.80834718,25,1,10,8,5,2,7
1.83889812,25,5,8,7,1,10,2
1.86944906,25,8,7,10,5,2,1
1.9,25,2,7,5,10,8,1
0.372453,26,8,10,7,1,5,2
0.40300394,26,7,2,5,10,1,8
0.43355488,26,2,8,10,5,7,1
0.46410582,26,5,8,10,1,7,2
0.49465676,26,1,10,7,8,5,2
0.5252077,26,1,8,7,2,5,10
0.55575864,26,5,10,7,8,2,1
0.58630958,26,5,10,1,2,8,7
0.61686052,26,5,7,2,8,10,1
0.64741146,26,10,8,5,7,1,2
0.6779624,26,8,2,10,5,7,1
0.70851334,26,1,10,2,5,7,8
0.73906428,26,5,8,7,1,2,10
0.76961522,26,1,8,10,7,2,5
0.80016616,26,8,10,5,2,1,7
0.8307171,26,5,1,10,8,7,2
0.86126804,26,5,10,8,7,2,1
0.89181898,26,5,7,10,8,1,2
0.92236992,26,1,10,8,7,2,5
0.95292086,26,2,7,5,1,10,8
0.9834718,26,7,10,5,8,1,2
1.01402274,26,5,10,1,7,2,8
1.04457368,26,5,2,1,7,8,10
1.07512462,26,5,10,1,8,7,2
1.10567556,26,10,1,8,2,7,5
1.1362265,26,5,10,1,8,2,7
1.16677744,26,2,10,7,1,5,8
1.19732838,26,5,8,2,7,1,10
1.22787932,26,10,8,1,7,2,5
1.25843026,26,2,7,10,8,1,5
1.2889812,26,2,1,7,8,5,10
1.31953214,26,10,8,7,1,5,2
1.35008308,26,10,8,2,5,1,7
1.38063402,26,7,1,10,2,5,8
1.41118496,26,5,7,8,2,1,10
1.4417359,26,2,8,1,7,10,5
1.47228684,26,1,5,2,10,8,7
1.50283778,26,5,8,10,7,1,2
1.53338872,26,7,10,5,8,1,2
1.56393966,26,10,2,8,5,1,7
1.5944906,26,7,10,8,1,2,5
1.62504154,26,5,7,10,1,8,2
1.65559248,26,5,10,8,7,1,2
1.68614342,26,8,10,2,7,5,1
1.71669436,26,5,8,2,10,7,1
1.7472453,26,5,10,1,8,2,7
1.77779624,26,8,5,7,10,2,1
1.80834718,26,5,10,8,7,1,2
1.83889812,26,2,7,8,10,5,1
1.86944906,26,8,10,1,7,2,5
1.9,26,1,5,8,10,2,7
0.372453,27,1,7,10,8,2,5
0.40300394,27,8,10,1,7,2,5
0.43355488,27,2,10,8,5,7,1
0.46410582,27,10,8,5,1,7,2
0.49465676,27,2,10,1,8,5,7
0.5252077,27,2,10,7,8,5,1
0.55575864,27,2,5,8,10,7,1
0.58630958,27,1,10,7,8,5,2
0.61686052,27,7,10,5,8,2,1
0.64741146,27,2,10,1,8,7,5
0.6779624,27,5,2,10,1,7,8
0.70851334,27,5,,,,,
0.73906428,27,5,,,,,
0.76961522,27,7,1,10,8,5,2
0.80016616,27,,,,,,
0.8307171,27,10,7,8,1,2,5
0.86126804,27,2,10,8,7,5,1
0.89181898,27,1,5,8,10,2,7
0.92236992,27,2,10,8,1,5,7
0.95292086,27,10,5,1,8,2,7
0.9834718,27,5,10,1,8,2,7
1.01402274,27,8,5,10,1,2,7
1.04457368,27,8,2,10,7,1,5
1.07512462,27,2,1,8,10,5,7
1.10567556,27,5,,,,,
1.1362265,27,1,8,10,5,7,2
1.16677744,27,1,10,2,8,5,7
1.19732838,27,10,5,8,2,7,1
1.22787932,27,10,8,5,7,1,2
1.25843026,27,1,10,2,8,7,5
1.2889812,27,10,2,5,8,1,7
1.31953214,27,2,7,10,5,1,8
1.35008308,27,8,10,7,1,5,2
1.38063402,27,7,10,1,8,2,5
1.41118496,27,2,1,8,7,10,5
1.4417359,27,8,10,5,7,1,2
1.47228684,27,5,8,10,2,1,7
1.50283778,27,8,10,2,7,5,1
1.53338872,27,7,10,5,2,8,1
1.56393966,27,5,1,8,7,10,2
1.5944906,27,2,10,8,7,5,1
1.62504154,27,2,7,8,10,1,5
1.65559248,27,1,10,2,7,8,5
1.68614342,27,2,10,7,5,8,1
1.71669436,27,7,5,10,8,1,2
1.7472453,27,5,8,10,2,7,1
1.77779624,27,1,5,10,2,8,7
1.80834718,27,8,5,10,2,7,1
1.83889812,27,5,10,8,7,2,1
1.86944906,27,1,10,8,7,2,5
1.9,27,10,1,7,8,2,5
0.372453,28,1,2,10,5,8,7
0.40300394,28,10,8,7,1,2,5
0.43355488,28,5,1,7,2,10,8
0.46410582,28,8,2,10,5,7,1
0.49465676,28,10,7,8,5,2,1
0.5252077,28,5,10,8,2,1,7
0.55575864,28,5,10,1,8,7,2
0.58630958,28,1,2,8,10,7,5
0.61686052,28,7,,,,,
0.64741146,28,8,10,5,7,2,1
0.6779624,28,,,,,,
0.70851334,28,2,5,8,1,10,7
0.73906428,28,5,7,10,2,8,1
0.76961522,28,2,5,10,8,7,1
0.80016616,28,1,8,10,7,2,5
0.8307171,28,8,5,10,2,7,1
0.86126804,28,5,7,8,10,1,2
0.89181898,28,5,2,10,8,7,1
0.92236992,28,5,8,7,10,2,1
0.95292086,28,10,2,5,8,1,7
0.9834718,28,8,5,2,10,1,7
1.01402274,28,10,8,,,,
1.04457368,28,5,8,10,7,1,2
1.07512462,28,7,8,10,1,5,2
1.10567556,28,1,10,8,5,2,7
1.1362265,28,5,7,1,10,8,2
1.16677744,28,1,10,8,2,7,5
1.19732838,28,7,10,8,5,1,2
1.22787932,28,2,10,5,8,7,1
1.25843026,28,8,5,7,10,1,2
1.2889812,28,2,1,8,5,10,7
1.31953214,28,1,10,7,8,2,5
1.35008308,28,7,1,8,10,5,2
1.38063402,28,2,5,7,10,8,1
1.41118496,28,7,10,8,2,1,5
1.4417359,28,5,10,2,1,8,7
1.47228684,28,2,5,10,8,1,7
1.50283778,28,1,10,8,7,5,2
1.53338872,28,8,1,10,5,2,7
1.56393966,28,10,8,7,1,2,5
1.5944906,28,10,5,1,8,7,2
1.62504154,28,10,1,5,2,7,8
1.65559248,28,8,10,5,1,7,2
1.68614342,28,10,8,2,7,1,5
1.71669436,28,1,8,2,10,5,7
1.7472453,28,1,5,10,2,8,7
1.77779624,28,10,8,1,2,7,5
1.80834718,28,5,10,8,7,2,1
1.83889812,28,2,10,7,5,8,1
1.86944906,28,1,10,2,8,7,5
1.9,28,5,10,1,8,7,2
0.372453,29,,,,,,
0.40300394,29,,,,,,
0.43355488,29,,,,,,
0.46410582,29,,,,,,
0.49465676,29,,,,,,
0.5252077,29,,,,,,
0.55575864,29,,,,,,
0.58630958,29,,,,,,
0.61686052,29,,,,,,
0.64741146,29,,,,,,
0.6779624,29,,,,,,
0.70851334,29,,,,,,
0.73906428,29,,,,,,
0.76961522,29,,,,,,
0.80016616,29,,,,,,
0.8307171,29,,,,,,
0.86126804,29,,,,,,
0.89181898,29,,,,,,
0.92236992,29,,,,,,
0.95292086,29,,,,,,
0.9834718,29,,,,,,
1.01402274,29,,,,,,
1.04457368,29,,,,,,
1.07512462,29,,,,,,
1.10567556,29,,,,,,
1.1362265,29,,,,,,
1.16677744,29,,,,,,
1.19732838,29,,,,,,
1.22787932,29,,,,,,
1.25843026,29,,,,,,
1.2889812,29,,,,,,
1.31953214,29,,,,,,
1.35008308,29,,,,,,
1.38063402,29,,,,,,
1.41118496,29,,,,,,
1.4417359,29,,,,,,
1.47228684,29,,,,,,
1.50283778,29,,,,,,
1.53338872,29,,,,,,
1.56393966,29,,,,,,
1.5944906,29,,,,,,
1.62504154,29,,,,,,
1.65559248,29,,,,,,
1.68614342,29,,,,,,
1.71669436,29,,,,,,
1.7472453,29,,,,,,
1.77779624,29,,,,,,
1.80834718,29,,,,,,
1.83889812,29,,,,,,
1.86944906,29,16,,,,,
1.9,29,16,,,,,
0.372453,30,,,,,,
0.40300394,30,,,,,,
0.43355488,30,,,,,,
0.46410582,30,,,,,,
0.49465676,30,,,,,,
0.5252077,30,,,,,,
0.55575864,30,,,,,,
0.58630958,30,,,,,,
0.61686052,30,,,,,,
0.64741146,30,,,,,,
0.6779624,30,,,,,,
0.70851334,30,,,,,,
0.73906428,30,,,,,,
0.76961522,30,,,,,,
0.80016616,30,,,,,,
0.8307171,30,,,,,,
0.86126804,30,,,,,,
0.89181898,30,,,,,,
0.92236992,30,,,,,,
0.95292086,30,,,,,,
0.9834718,30,,,,,,
1.01402274,30,,,,,,
1.04457368,30,,,,,,
1.07512462,30,,,,,,
1.10567556,30,,,,,,
1.1362265,30,,,,,,
1.16677744,30,,,,,,
1.19732838,30,,,,,,
1.22787932,30,,,,,,
1.25843026,30,,,,,,
1.2889812,30,,,,,,
1.31953214,30,,,,,,
1.35008308,30,,,,,,
1.38063402,30,,,,,,
1.41118496,30,,,,,,
1.4417359,30,,,,,,
1.47228684,30,,,,,,
1.50283778,30,,,,,,
1.53338872,30,,,,,,
1.56393966,30,,,,,,
1.5944906,30,,,,,,
1.62504154,30,,,,,,
1.65559248,30,,,,,,
1.68614342,30,,,,,,
1.71669436,30,,,,,,
1.7472453,30,,,,,,
1.77779624,30,,,,,,
1.80834718,30,,,,,,
1.83889812,30,,,,,,
1.86944906,30,16,,,,,
1.9,30,16,,,,,
0.372453,31,,,,,,
0.40300394,31,,,,,,
0.43355488,31,,,,,,
0.46410582,31,,,,,,
0.49465676,31,,,,,,
0.5252077,31,,,,,,
0.55575864,31,,,,,,
0.58630958,31,,,,,,
0.61686052,31,,,,,,
0.64741146,31,,,,,,
0.6779624,31,,,,,,
0.70851334,31,,,,,,
0.73906428,31,,,,,,
0.76961522,31,,,,,,
0.80016616,31,,,,,,
0.8307171,31,,,,,,
0.86126804,31,,,,,,
0.89181898,31,,,,,,
0.92236992,31,,,,,,
0.95292086,31,,,,,,
0.9834718,31,,,,,,
1.01402274,31,,,,,,
1.04457368,31,,,,,,
1.07512462,31,,,,,,
1.10567556,31,,,,,,
1.1362265,31,,,,,,
1.16677744,31,,,,,,
1.19732838,31,,,,,,
1.22787932,31,,,,,,
1.25843026,31,,,,,,
1.2889812,31,,,,,,
1.31953214,31,,,,,,
1.35008308,31,,,,,,
1.38063402,31,,,,,,
1.41118496,31,,,,,,
1.4417359,31,,,,,,
1.47228684,31,,,,,,
1.50283778,31,,,,,,
1.53338872,31,,,,,,
1.56393966,31,,,,,,
1.5944906,31,,,,,,
1.62504154,31,,,,,,
1.65559248,31,,,,,,
1.68614342,31,,,,,,
1.71669436,31,,,,,,
1.7472453,31,,,,,,
1.77779624,31,,,,,,
1.80834718,31,,,,,,
1.83889812,31,,,,,,
1.86944906,31,,,,,,
1.9,31,16,,,,,
0.372453,32,,,,,,
0.40300394,32,,,,,,
0.43355488,32,,,,,,
0.46410582,32,,,,,,
0.49465676,32,,,,,,
0.5252077,32,,,,,,
0.55575864,32,,,,,,
0.58630958,32,,,,,,
0.61686052,32,,,,,,
0.64741146,32,,,,,,
0.6779624,32,,,,,,
0.70851334,32,,,,,,
0.73906428,32,,,,,,
0.76961522,32,,,,,,
0.80016616,32,,,,,,
0.8307171,32,,,,,,
0.86126804,32,,,,,,
0.89181898,32,,,,,,
0.92236992,32,,,,,,
0.95292086,32,,,,,,
0.9834718,32,,,,,,
1.01402274,32,,,,,,
1.04457368,32,,,,,,
1.07512462,32,,,,,,
1.10567556,32,,,,,,
1.1362265,32,,,,,,
1.16677744,32,,,,,,
1.19732838,32,,,,,,
1.22787932,32,,,,,,
1.25843026,32,,,,,,
1.2889812,32,,,,,,
1.31953214,32,,,,,,
1.35008308,32,,,,,,
1.38063402,32,,,,,,
1.41118496,32,,,,,,
1.4417359,32,,,,,,
1.47228684,32,,,,,,
1.50283778,32,,,,,,
1.53338872,32,,,,,,
1.56393966,32,,,,,,
1.5944906,32,,,,,,
1.62504154,32,,,,,,
1.65559248,32,,,,,,
1.68614342,32,,,,,,
1.71669436,32,,,,,,
1.7472453,32,,,,,,
1.77779624,32,,,,,,
1.80834718,32,,,,,,
1.83889812,32,,,,,,
1.86944906,32,,,,,,
1.9,32,,,,,,
0.372453,33,,,,,,
0.40300394,33,,,,,,
0.43355488,33,,,,,,
0.46410582,33,,,,,,
0.49465676,33,,,,,,
0.5252077,33,,,,,,
0.55575864,33,,,,,,
0.58630958,33,,,,,,
0.61686052,33,,,,,,
0.64741146,33,,,,,,
0.6779624,33,,,,,,
0.70851334,33,,,,,,
0.73906428,33,,,,,,
0.76961522,33,,,,,,
0.80016616,33,,,,,,
0.8307171,33,,,,,,
0.86126804,33,,,,,,
0.89181898,33,,,,,,
0.92236992,33,,,,,,
0.95292086,33,,,,,,
0.9834718,33,,,,,,
1.01402274,33,,,,,,
1.04457368,33,,,,,,
1.07512462,33,,,,,,
1.10567556,33,,,,,,
1.1362265,33,,,,,,
1.16677744,33,,,,,,
1.19732838,33,,,,,,
1.22787932,33,,,,,,
1.25843026,33,,,,,,
1.2889812,33,,,,,,
1.31953214,33,,,,,,
1.35008308,33,,,,,,
1.38063402,33,,,,,,
1.41118496,33,,,,,,
1.4417359,33,,,,,,
1.47228684,33,,,,,,
1.50283778,33,,,,,,
1.53338872,33,,,,,,
1.56393966,33,,,,,,
1.5944906,33,,,,,,
1.62504154,33,,,,,,
1.65559248,33,,,,,,
1.68614342,33,,,,,,
1.71669436,33,,,,,,
1.7472453,33,,,,,,
1.77779624,33,,,,,,
1.80834718,33,,,,,,
1.83889812,33,,,,,,
1.86944906,33,,,,,,
1.9,33,16,,,,,
0.372453,34,,,,,,
0.40300394,34,,,,,,
0.43355488,34,,,,,,
0.46410582,34,,,,,,
0.49465676,34,,,,,,
0.5252077,34,,,,,,
0.55575864,34,,,,,,
0.58630958,34,,,,,,
0.61686052,34,,,,,,
0.64741146,34,,,,,,
0.6779624,34,,,,,,
0.70851334,34,,,,,,
0.73906428,34,,,,,,
0.76961522,34,,,,,,
0.80016616,34,,,,,,
0.8307171,34,,,,,,
0.86126804,34,,,,,,
0.89181898,34,,,,,,
0.92236992,34,,,,,,
0.95292086,34,,,,,,
0.9834718,34,,,,,,
1.01402274,34,,,,,,
1.04457368,34,,,,,,
1.07512462,34,,,,,,
1.10567556,34,,,,,,
1.1362265,34,,,,,,
1.16677744,34,,,,,,
1.19732838,34,,,,,,
1.22787932,34,,,,,,
1.25843026,34,,,,,,
1.2889812,34,,,,,,
1.31953214,34,,,,,,
1.35008308,34,,,,,,
1.38063402,34,,,,,,
1.41118496,34,16,,,,,
1.4417359,34,16,,,,,
1.47228684,34,16,6,,,,
1.50283778,34,16,6,,,,
1.53338872,34,16,6,9,,,
1.56393966,34,16,19,,,,
1.5944906,34,16,19,,,,
1.62504154,34,16,19,6,,,
1.65559248,34,16,19,6,,,
1.68614342,34,16,19,6,,,
1.71669436,34,16,19,6,9,,
1.7472453,34,16,19,14,,,
1.77779624,34,16,19,14,6,,
1.80834718,34,16,19,14,6,,
1.83889812,34,16,19,14,6,,
1.86944906,34,16,19,14,6,9,
1.9,34,16,19,15,,,
0.372453,35,,,,,,
0.40300394,35,,,,,,
0.43355488,35,,,,,,
0.46410582,35,,,,,,
0.49465676,35,,,,,,
0.5252077,35,,,,,,
0.55575864,35,,,,,,
0.58630958,35,,,,,,
0.61686052,35,,,,,,
0.64741146,35,,,,,,
0.6779624,35,,,,,,
0.70851334,35,,,,,,
0.73906428,35,,,,,,
0.76961522,35,,,,,,
0.80016616,35,,,,,,
0.8307171,35,,,,,,
0.86126804,35,,,,,,
0.89181898,35,,,,,,
0.92236992,35,,,,,,
0.95292086,35,,,,,,
0.9834718,35,,,,,,
1.01402274,35,,,,,,
1.04457368,35,,,,,,
1.07512462,35,,,,,,
1.10567556,35,,,,,,
1.1362265,35,,,,,,
1.16677744,35,,,,,,
1.19732838,35,,,,,,
1.22787932,35,,,,,,
1.25843026,35,,,,,,
1.2889812,35,,,,,,
1.31953214,35,,,,,,
1.35008308,35,,,,,,
1.38063402,35,,,,,,
1.41118496,35,,,,,,
1.4417359,35,,,,,,
1.47228684,35,,,,,,
1.50283778,35,,,,,,
1.53338872,35,,,,,,
1.56393966,35,,,,,,
1.5944906,35,,,,,,
1.62504154,35,,,,,,
1.65559248,35,,,,,,
1.68614342,35,,,,,,
1.71669436,35,,,,,,
1.7472453,35,,,,,,
1.77779624,35,,,,,,
1.80834718,35,,,,,,
1.83889812,35,,,,,,
1.86944906,35,,,,,,
1.9,35,,,,,,
0.372453,36,,,,,,
0.40300394,36,,,,,,
0.43355488,36,,,,,,
0.46410582,36,,,,,,
0.49465676,36,,,,,,
0.5252077,36,,,,,,
0.55575864,36,,,,,,
0.58630958,36,,,,,,
0.61686052,36,,,,,,
0.64741146,36,,,,,,
0.6779624,36,,,,,,
0.70851334,36,,,,,,
0.73906428,36,,,,,,
0.76961522,36,,,,,,
0.80016616,36,,,,,,
0.8307171,36,,,,,,
0.86126804,36,,,,,,
0.89181898,36,,,,,,
0.92236992,36,,,,,,
0.95292086,36,,,,,,
0.9834718,36,,,,,,
1.01402274,36,,,,,,
1.04457368,36,,,,,,
1.07512462,36,,,,,,
1.10567556,36,,,,,,
1.1362265,36,,,,,,
1.16677744,36,,,,,,
1.19732838,36,,,,,,
1.22787932,36,,,,,,
1.25843026,36,,,,,,
1.2889812,36,,,,,,
1.31953214,36,,,,,,
1.35008308,36,,,,,,
1.38063402,36,,,,,,
1.41118496,36,,,,,,
1.4417359,36,16,,,,,
1.47228684,36,16,,,,,
1.50283778,36,16,6,,,,
1.53338872,36,16,6,,,,
1.56393966,36,16,6,,,,
1.5944906,36,16,6,9,,,
1.62504154,36,16,19,6,,,
1.65559248,36,16,19,6,,,
1.68614342,36,16,19,6,,,
1.71669436,36,16,19,6,,,
1.7472453,36,16,19,6,9,,
1.77779624,36,16,19,14,6,,
1.80834718,36,16,19,14,6,,
1.83889812,36,16,19,14,6,,
1.86944906,36,16,19,14,6,,
1.9,36,16,19,15,,,
0.372453,37,,,,,,
0.40300394,37,,,,,,
0.43355488,37,,,,,,
0.46410582,37,,,,,,
0.49465676,37,,,,,,
0.5252077,37,,,,,,
0.55575864,37,,,,,,
0.58630958,37,,,,,,
0.61686052,37,,,,,,
0.64741146,37,,,,,,
0.6779624,37,,,,,,
0.70851334,37,,,,,,
0.73906428,37,,,,,,
0.76961522,37,,,,,,
0.80016616,37,,,,,,
0.8307171,37,,,,,,
0.86126804,37,,,,,,
0.89181898,37,,,,,,
0.92236992,37,,,,,,
0.95292086,37,,,,,,
0.9834718,37,,,,,,
1.01402274,37,,,,,,
1.04457368,37,,,,,,
1.07512462,37,,,,,,
1.10567556,37,,,,,,
1.1362265,37,,,,,,
1.16677744,37,,,,,,
1.19732838,37,,,,,,
1.22787932,37,,,,,,
1.25843026,37,,,,,,
1.2889812,37,,,,,,
1.31953214,37,,,,,,
1.35008308,37,,,,,,
1.38063402,37,,,,,,
1.41118496,37,,,,,,
1.4417359,37,16,,,,,
1.47228684,37,16,,,,,
1.50283778,37,16,6,,,,
1.53338872,37,16,6,,,,
1.56393966,37,16,6,,,,
1.5944906,37,16,6,9,,,
1.62504154,37,16,19,6,,,
1.65559248,37,16,19,6,,,
1.68614342,37,16,19,6,,,
1.71669436,37,16,19,6,,,
1.7472453,37,16,19,6,9,,
1.77779624,37,16,19,14,6,,
1.80834718,37,16,19,14,6,,
1.83889812,37,16,19,14,6,,
1.86944906,37,16,19,14,6,,
1.9,37,16,19,15,,,
0.372453,38,,,,,,
0.40300394,38,,,,,,
0.43355488,38,,,,,,
0.46410582,38,,,,,,
0.49465676,38,,,,,,
0.5252077,38,,,,,,
0.55575864,38,,,,,,
0.58630958,38,,,,,,
0.61686052,38,,,,,,
0.64741146,38,,,,,,
0.6779624,38,,,,,,
0.70851334,38,,,,,,
0.73906428,38,,,,,,
0.76961522,38,,,,,,
0.80016616,38,,,,,,
0.8307171,38,,,,,,
0.86126804,38,,,,,,
0.89181898,38,,,,,,
0.92236992,38,,,,,,
0.95292086,38,,,,,,
0.9834718,38,,,,,,
1.01402274,38,,,,,,
1.04457368,38,,,,,,
1.07512462,38,,,,,,
1.10567556,38,,,,,,
1.1362265,38,,,,,,
1.16677744,38,,,,,,
1.19732838,38,,,,,,
1.22787932,38,,,,,,
1.25843026,38,,,,,,
1.2889812,38,,,,,,
1.31953214,38,,,,,,
1.35008308,38,,,,,,
1.38063402,38,,,,,,
1.41118496,38,,,,,,
1.4417359,38,,,,,,
1.47228684,38,,,,,,
1.50283778,38,,,,,,
1.53338872,38,,,,,,
1.56393966,38,,,,,,
1.5944906,38,,,,,,
1.62504154,38,,,,,,
1.65559248,38,,,,,,
1.68614342,38,,,,,,
1.71669436,38,,,,,,
1.7472453,38,,,,,,
1.77779624,38,,,,,,
1.80834718,38,,,,,,
1.83889812,38,,,,,,
1.86944906,38,,,,,,
1.9,38,,,,,,
0.372453,39,,,,,,
0.40300394,39,,,,,,
0.43355488,39,,,,,,
0.46410582,39,,,,,,
0.49465676,39,,,,,,
0.5252077,39,,,,,,
0.55575864,39,,,,,,
0.58630958,39,,,,,,
0.61686052,39,,,,,,
0.64741146,39,,,,,,
0.6779624,39,,,,,,
0.70851334,39,,,,,,
0.73906428,39,,,,,,
0.76961522,39,,,,,,
0.80016616,39,,,,,,
0.8307171,39,,,,,,
0.86126804,39,,,,,,
0.89181898,39,,,,,,
0.92236992,39,,,,,,
0.95292086,39,,,,,,
0.9834718,39,,,,,,
1.01402274,39,,,,,,
1.04457368,39,,,,,,
1.07512462,39,,,,,,
1.10567556,39,,,,,,
1.1362265,39,,,,,,
1.16677744,39,,,,,,
1.19732838,39,,,,,,
1.22787932,39,,,,,,
1.25843026,39,,,,,,
1.2889812,39,,,,,,
1.31953214,39,,,,,,
1.35008308,39,,,,,,
1.38063402,39,,,,,,
1.41118496,39,,,,,,
1.4417359,39,,,,,,
1.47228684,39,,,,,,
1.50283778,39,,,,,,
1.53338872,39,,,,,,
1.56393966,39,,,,,,
1.5944906,39,,,,,,
1.62504154,39,,,,,,
1.65559248,39,,,,,,
1.68614342,39,,,,,,
1.71669436,39,,,,,,
1.7472453,39,16,,,,,
1.77779624,39,16,,,,,
1.80834718,39,16,,,,,
1.83889812,39,16,,,,,
1.86944906,39,16,6,,,,
1.9,39,16,6,9,,,
0.372453,40,,,,,,
0.40300394,40,,,,,,
0.43355488,40,,,,,,
0.46410582,40,,,,,,
0.49465676,40,,,,,,
0.5252077,40,,,,,,
0.55575864,40,,,,,,
0.58630958,40,,,,,,
0.61686052,40,,,,,,
0.64741146,40,,,,,,
0.6779624,40,,,,,,
0.70851334,40,,,,,,
0.73906428,40,,,,,,
0.76961522,40,,,,,,
0.80016616,40,,,,,,
0.8307171,40,,,,,,
0.86126804,40,,,,,,
0.89181898,40,,,,,,
0.92236992,40,,,,,,
0.95292086,40,,,,,,
0.9834718,40,,,,,,
1.01402274,40,,,,,,
1.04457368,40,,,,,,
1.07512462,40,,,,,,
1.10567556,40,,,,,,
1.1362265,40,,,,,,
1.16677744,40,,,,,,
1.19732838,40,,,,,,
1.22787932,40,,,,,,
1.25843026,40,,,,,,
1.2889812,40,,,,,,
1.31953214,40,,,,,,
1.35008308,40,,,,,,
1.38063402,40,,,,,,
1.41118496,40,,,,,,
1.4417359,40,,,,,,
1.47228684,40,,,,,,
1.50283778,40,,,,,,
1.53338872,40,,,,,,
1.56393966,40,,,,,,
1.5944906,40,,,,,,
1.62504154,40,,,,,,
1.65559248,40,,,,,,
1.68614342,40,,,,,,
1.71669436,40,,,,,,
1.7472453,40,,,,,,
1.77779624,40,,,,,,
1.80834718,40,16,,,,,
1.83889812,40,16,,,,,
1.86944906,40,16,,,,,
1.9,40,16,6,,,,
0.372453,41,,,,,,
0.40300394,41,,,,,,
0.43355488,41,,,,,,
0.46410582,41,,,,,,
0.49465676,41,,,,,,
0.5252077,41,,,,,,
0.55575864,41,,,,,,
0.58630958,41,,,,,,
0.61686052,41,,,,,,
0.64741146,41,,,,,,
0.6779624,41,,,,,,
0.70851334,41,,,,,,
0.73906428,41,,,,,,
0.76961522,41,,,,,,
0.80016616,41,,,,,,
0.8307171,41,,,,,,
0.86126804,41,,,,,,
0.89181898,41,,,,,,
0.92236992,41,,,,,,
0.95292086,41,,,,,,
0.9834718,41,,,,,,
1.01402274,41,,,,,,
1.04457368,41,,,,,,
1.07512462,41,,,,,,
1.10567556,41,,,,,,
1.1362265,41,,,,,,
1.16677744,41,,,,,,
1.19732838,41,,,,,,
1.22787932,41,,,,,,
1.25843026,41,,,,,,
1.2889812,41,,,,,,
1.31953214,41,,,,,,
1.35008308,41,,,,,,
1.38063402,41,,,,,,
1.41118496,41,,,,,,
1.4417359,41,,,,,,
1.47228684,41,,,,,,
1.50283778,41,,,,,,
1.53338872,41,,,,,,
1.56393966,41,,,,,,
1.5944906,41,,,,,,
1.62504154,41,,,,,,
1.65559248,41,,,,,,
1.68614342,41,,,,,,
1.71669436,41,,,,,,
1.7472453,41,,,,,,
1.77779624,41,,,,,,
1.80834718,41,,,,,,
1.83889812,41,,,,,,
1.86944906,41,,,,,,
1.9,41,,,,,,
0.372453,42,,,,,,
0.40300394,42,,,,,,
0.43355488,42,,,,,,
0.46410582,42,,,,,,
0.49465676,42,,,,,,
0.5252077,42,,,,,,
0.55575864,42,,,,,,
0.58630958,42,,,,,,
0.61686052,42,,,,,,
0.64741146,42,,,,,,
0.6779624,42,,,,,,
0.70851334,42,,,,,,
0.73906428,42,,,,,,
0.76961522,42,,,,,,
0.80016616,42,,,,,,
0.8307171,42,,,,,,
0.86126804,42,,,,,,
0.89181898,42,,,,,,
0.92236992,42,,,,,,
0.95292086,42,,,,,,
0.9834718,42,,,,,,
1.01402274,42,,,,,,
1.04457368,42,,,,,,
1.07512462,42,,,,,,
1.10567556,42,,,,,,
1.1362265,42,,,,,,
1.16677744,42,,,,,,
1.19732838,42,,,,,,
1.22787932,42,,,,,,
1.25843026,42,,,,,,
1.2889812,42,,,,,,
1.31953214,42,,,,,,
1.35008308,42,,,,,,
1.38063402,42,,,,,,
1.41118496,42,,,,,,
1.4417359,42,,,,,,
1.47228684,42,,,,,,
1.50283778,42,,,,,,
1.53338872,42,,,,,,
1.56393966,42,,,,,,
1.5944906,42,,,,,,
1.62504154,42,,,,,,
1.65559248,42,,,,,,
1.68614342,42,,,,,,
1.71669436,42,,,,,,
1.7472453,42,,,,,,
1.77779624,42,,,,,,
1.80834718,42,,,,,,
1.83889812,42,,,,,,
1.86944906,42,,,,,,
1.9,42,,,,,,
0.372453,43,,,,,,
0.40300394,43,,,,,,
0.43355488,43,,,,,,
0.46410582,43,,,,,,
0.49465676,43,,,,,,
0.5252077,43,,,,,,
0.55575864,43,,,,,,
0.58630958,43,,,,,,
0.61686052,43,,,,,,
0.64741146,43,,,,,,
0.6779624,43,,,,,,
0.70851334,43,,,,,,
0.73906428,43,,,,,,
0.76961522,43,,,,,,
0.80016616,43,,,,,,
0.8307171,43,,,,,,
0.86126804,43,,,,,,
0.89181898,43,,,,,,
0.92236992,43,,,,,,
0.95292086,43,,,,,,
0.9834718,43,,,,,,
1.01402274,43,,,,,,
1.04457368,43,,,,,,
1.07512462,43,,,,,,
1.10567556,43,,,,,,
1.1362265,43,,,,,,
1.16677744,43,,,,,,
1.19732838,43,,,,,,
1.22787932,43,,,,,,
1.25843026,43,,,,,,
1.2889812,43,,,,,,
1.31953214,43,,,,,,
1.35008308,43,,,,,,
1.38063402,43,,,,,,
1.41118496,43,,,,,,
1.4417359,43,,,,,,
1.47228684,43,,,,,,
1.50283778,43,,,,,,
1.53338872,43,,,,,,
1.56393966,43,,,,,,
1.5944906,43,,,,,,
1.62504154,43,,,,,,
1.65559248,43,,,,,,
1.68614342,43,,,,,,
1.71669436,43,,,,,,
1.7472453,43,,,,,,
1.77779624,43,,,,,,
1.80834718,43,,,,,,
1.83889812,43,,,,,,
1.86944906,43,,,,,,
1.9,43,,,,,,
