Water demand,Power load,Required,Allocated,Water-constrained
0.372453,33.9%,133333,142666.31,129336.31
0.372453,34.2%,133333,142666.31,129336.31
0.372453,34.5%,133333,142666.31,129336.31
0.372453,34.9%,133333,142666.31,129336.31
0.372453,35.2%,133333,142666.31,129336.31
0.372453,35.5%,133333,142666.31,129336.31
0.372453,35.9%,133333,142666.31,129336.31
0.372453,36.2%,133333,142666.31,129336.31
0.372453,36.5%,133333,142666.31,129336.31
0.372453,36.9%,133333,142666.31,129336.31
0.372453,37.2%,133333,142666.31,129336.31
0.372453,37.5%,133333,142666.31,129336.31
0.372453,37.8%,133333,142666.31,129336.31
0.372453,38.2%,133333,142666.31,129336.31
0.372453,38.5%,133333,142666.31,129336.31
0.372453,38.8%,133333,142666.31,129336.31
0.372453,39.2%,133333,142666.31,129336.31
0.372453,39.5%,133333,142666.31,129336.31
0.372453,39.8%,133333,142666.31,129336.31
0.372453,40.2%,133333,142666.31,129336.31
0.372453,40.5%,133333,142666.31,129336.31
0.372453,40.8%,133333,142666.31,129336.31
0.372453,41.2%,133333,142666.31,129336.31
0.372453,41.5%,133333,142666.31,129336.31
0.372453,41.8%,133333,142666.31,129336.31
0.372453,42.1%,133333,142666.31,129336.31
0.372453,42.5%,133333,142666.31,129336.31
0.372453,42.8%,133333,142666.31,129336.31
0.372453,43.1%,133333,142666.31,119336.31
0.372453,43.5%,133333,142666.31,129336.31
0.372453,43.8%,133333,142666.31,119336.31
0.372453,44.1%,133333,142666.31,119336.31
0.372453,44.5%,133333,142666.31,129336.31
0.372453,44.8%,133333,142666.31,129336.31
0.372453,45.1%,133333,142666.31,119336.31
0.372453,45.5%,133333,142666.31,119336.31
0.372453,45.8%,133333,142666.31,129336.31
0.372453,46.1%,133333,142666.31,119336.31
0.372453,46.4%,133333,142666.31,119336.31
0.372453,46.8%,133333,142666.31,119336.31
0.372453,47.1%,133333,142666.31,119336.31
0.372453,47.4%,133333,142666.31,109336.31
0.372453,47.8%,133333,142666.31,119336.31
0.372453,48.1%,133333,142666.31,119336.31
0.372453,48.4%,133333,142666.31,119336.31
0.372453,48.8%,133333,142666.31,119336.31
0.372453,49.1%,133333,142666.31,109336.31
0.372453,49.4%,133333,142666.31,129336.31
0.372453,49.7%,133333,142666.31,119336.31
0.372453,50.1%,133333,142666.31,119336.31
0.372453,50.4%,133333,142666.31,119336.31
0.372453,50.7%,133333,142666.31,109336.31
0.372453,51.1%,133333,142666.31,109336.31
0.372453,51.4%,133333,142666.31,109336.31
0.372453,51.7%,133333,142666.31,109336.31
0.372453,52.1%,133333,142666.31,119336.31
0.372453,52.4%,133333,142666.31,109336.31
0.372453,52.7%,133333,142666.31,109336.31
0.372453,53.1%,133333,142666.31,109336.31
0.372453,53.4%,133333,142666.31,109336.31
0.372453,53.7%,133333,142666.31,109336.31
0.372453,54.0%,133333,142666.31,109336.31
0.372453,54.4%,133333,142666.31,109336.31
0.372453,54.7%,133333,142666.31,109336.31
0.372453,55.0%,133333,142666.31,109336.31
0.372453,55.4%,133333,142666.31,109336.31
0.372453,55.7%,133333,142666.31,109336.31
0.372453,56.0%,133333,142666.31,109336.31
0.372453,56.4%,133333,142666.31,109336.31
0.372453,56.7%,133333,142666.31,109336.31
0.372453,57.0%,133333,142666.31,109336.31
0.372453,57.4%,133333,142666.31,109336.31
0.372453,57.7%,133333,142666.31,109336.31
0.372453,58.0%,133333,142666.31,109336.31
0.372453,58.3%,133333,142666.31,109336.31
0.372453,58.7%,133333,142666.31,119336.31
0.372453,59.0%,133333,142666.31,119858
0.372453,59.3%,133333,142666.31,109336.31
0.372453,59.7%,133333,142666.31,109336.31
0.372453,60.0%,133333,142808,109478
0.372453,60.3%,133333,142808,109478
0.372453,60.7%,133333,142808,109478
0.372453,61.0%,133333,146008,112678
0.372453,61.3%,133333,142666.31,112678
0.372453,61.7%,133333,142666.31,109478
0.372453,62.0%,133333,142666.31,109478
0.372453,62.3%,133333,142666.31,109478
0.372453,62.6%,133333,142666.31,112678
0.372453,63.0%,133333,142666.31,112678
0.372453,63.3%,133333,142666.31,109478
0.372453,63.6%,133333,142666.31,109478
0.372453,64.0%,133333,142666.31,112678
0.372453,64.3%,133333,142666.31,112678
0.372453,64.6%,133333,142666.31,109478
0.372453,65.0%,133333,142666.31,109478
0.372453,65.3%,133333,142666.31,109478
0.372453,65.6%,133333,142666.31,112678
0.372453,65.9%,133333,142666.31,109478
0.372453,66.3%,133333,142666.31,112678
0.372453,66.6%,133333,142666.31,109478
0.372453,66.9%,133333,142666.31,109478
0.372453,67.3%,133333,142666.31,112678
0.372453,67.6%,133333,142666.31,109478
0.372453,67.9%,133333,142666.31,109478
0.372453,68.3%,133333,142666.31,109478
0.372453,68.6%,133333,142666.31,112678
0.372453,68.9%,133333,142666.31,112678
0.372453,69.3%,133333,142666.31,112678
0.372453,69.6%,133333,142666.31,112678
0.372453,69.9%,133333,142666.31,109478
0.372453,70.2%,133333,142666.31,112678
0.372453,70.6%,133333,142666.31,109478
0.372453,70.9%,133333,142666.31,112678
0.372453,71.2%,133333,142666.31,109478
0.372453,71.6%,133333,142666.31,112678
0.372453,71.9%,133333,142666.31,112678
0.372453,72.2%,133333,142666.31,112678
0.372453,72.6%,133333,142666.31,120008
0.372453,72.9%,133333,142666.31,120008
0.372453,73.2%,133333,142666.31,120008
0.372453,73.6%,133333,142666.31,122666.31
0.372453,73.9%,133333,142666.31,123208
0.372453,74.2%,133333,142666.31,123208
0.372453,74.5%,133333,142666.31,129608
0.372453,74.9%,133333,142666.31,122666.31
0.372453,75.2%,133333,142666.31,122666.31
0.372453,75.5%,133333,142666.31,126008
0.372453,75.9%,133333,142666.31,122666.31
0.372453,76.2%,133333,142666.31,126008
0.372453,76.5%,133333,142666.31,122666.31
0.372453,76.9%,133333,142666.31,133002.155
0.372453,77.2%,133333,142666.31,132666.31
0.372453,77.5%,133333,142666.31,136069.3566
0.372453,77.8%,133333,142666.31,142666.31
0.372453,78.2%,133333,142666.31,142666.31
0.372453,78.5%,133333,142666.31,139402.155
0.372453,78.8%,133333,142666.31,140981.9179
0.372453,79.2%,133333,142666.31,142666.31
0.372453,79.5%,133333,142666.31,141002.155
0.372453,79.8%,133333,142666.31,141002.155
0.372453,80.2%,133333,142666.31,141002.155
0.372453,80.5%,133333,142666.31,142666.31
0.372453,80.8%,133333,142666.31,141002.1559
0.372453,81.2%,133333,142666.31,142666.31
0.372453,81.5%,133333,142666.31,139338
0.372453,81.8%,133333,142666.31,139338
0.372453,82.1%,133333,142666.31,141002.155
0.372453,82.5%,133333,142666.31,139338
0.372453,82.8%,133333,142666.31,142666.31
0.372453,83.1%,133333,142666.31,141002.155
0.372453,83.5%,133333,142666.31,141002.1574
0.372453,83.8%,133333,142666.31,141002.1552
0.372453,84.1%,133333,142666.31,139338.02
0.372453,84.5%,133333,142666.31,142666.31
0.372453,84.8%,133333,142666.31,142666.31
0.372453,85.1%,133333,142666.31,142666.31
0.372453,85.5%,133333,142666.31,142666.31
0.372453,85.8%,133333,142666.31,142666.31
0.372453,86.1%,133333,142666.31,142666.31
0.372453,86.4%,133333,142666.31,142666.31
0.372453,86.8%,133333,142666.31,142666.31
0.372453,87.1%,133333,142666.31,142666.31
0.372453,87.4%,133333,142666.31,142666.31
0.372453,87.8%,133333,142666.31,142666.31
0.372453,88.1%,133333,142666.31,142666.31
0.372453,88.4%,133333,142666.31,142666.31
0.372453,88.8%,133333,142666.31,142666.31
0.372453,89.1%,133333,142666.31,142666.31
0.372453,89.4%,133333,142666.31,142666.31
0.372453,89.8%,133333,142666.31,142666.31
0.372453,90.1%,133333,142666.31,142666.31
0.372453,90.4%,133333,142666.31,142666.31
0.372453,90.7%,133333,142666.31,142666.31
0.372453,91.1%,133333,142666.31,142666.31
0.372453,91.4%,133333,143198.7217,143198.7217
0.372453,91.7%,133333,142762.8547,142762.8547
0.372453,92.1%,133333,142666.31,142666.31
0.372453,92.4%,133333,142666.31,142666.31
0.372453,92.7%,133333,142666.31,142666.31
0.372453,93.1%,133333,142666.31,142666.31
0.372453,93.4%,133333,142666.31,142666.31
0.372453,93.7%,133333,142793.625,142793.625
0.372453,94.0%,133333,142666.31,142666.31
0.372453,94.4%,133333,142666.31,142666.31
0.372453,94.7%,133333,142666.31,142666.31
0.372453,95.0%,133333,142666.31,142666.31
0.372453,95.4%,133333,142666.31,142666.31
0.372453,95.7%,133333,142666.31,142666.31
0.372453,96.0%,133333,142666.31,142666.31
0.372453,96.4%,133333,142666.31,142666.31
0.372453,96.7%,133333,142666.31,142666.31
0.372453,97.0%,133333,142666.31,142666.31
0.372453,97.4%,133333,142666.31,142666.31
0.372453,97.7%,133333,142666.31,142666.31
0.372453,98.0%,133333,142666.31,142666.31
0.372453,98.3%,133333,142666.31,142666.31
0.372453,98.7%,133333,142666.31,142666.31
0.372453,99.0%,133333,142666.31,142666.31
0.372453,99.3%,133333,142666.31,142666.31
0.372453,99.7%,133333,142666.31,142666.31
0.372453,100.0%,133333,142666.31,142666.31
,,,,
Water demand,Power load,Required,Allocated,Water-constrained
0.6336077,33.9%,133333,142604.3494,129274.3494
0.6336077,34.2%,133333,142666.31,129336.31
0.6336077,34.5%,133333,142666.31,129336.31
0.6336077,34.9%,133333,142666.31,129336.31
0.6336077,35.2%,133333,142666.31,129336.31
0.6336077,35.5%,133333,142666.31,129336.31
0.6336077,35.9%,133333,142666.31,129336.31
0.6336077,36.2%,133333,142666.31,129336.31
0.6336077,36.5%,133333,142666.31,129336.31
0.6336077,36.9%,133333,142666.31,129336.31
0.6336077,37.2%,133333,142666.31,129336.31
0.6336077,37.5%,133333,142666.31,129336.31
0.6336077,37.8%,133333,142666.31,129336.31
0.6336077,38.2%,133333,142666.31,129336.31
0.6336077,38.5%,133333,142666.31,129336.31
0.6336077,38.8%,133333,142666.31,129336.31
0.6336077,39.2%,133333,142666.31,129336.31
0.6336077,39.5%,133333,142666.31,129336.31
0.6336077,39.8%,133333,142666.31,129336.31
0.6336077,40.2%,133333,142666.31,129336.31
0.6336077,40.5%,133333,142666.31,129336.31
0.6336077,40.8%,133333,142666.31,129336.31
0.6336077,41.2%,133333,142666.31,129336.31
0.6336077,41.5%,133333,142666.31,129336.31
0.6336077,41.8%,133333,142666.31,129336.31
0.6336077,42.1%,133333,142666.31,119336.31
0.6336077,42.5%,133333,142666.31,119336.31
0.6336077,42.8%,133333,142666.31,129336.31
0.6336077,43.1%,133333,142666.31,119336.31
0.6336077,43.5%,133333,142666.31,129336.31
0.6336077,43.8%,133333,142666.31,119336.31
0.6336077,44.1%,133333,142666.31,129336.31
0.6336077,44.5%,133333,142666.31,129336.31
0.6336077,44.8%,133333,142666.31,129336.31
0.6336077,45.1%,133333,142666.31,119336.31
0.6336077,45.5%,133333,142666.31,119336.31
0.6336077,45.8%,133333,142666.31,109336.31
0.6336077,46.1%,133333,142666.31,119336.31
0.6336077,46.4%,133333,142666.31,119336.31
0.6336077,46.8%,133333,142666.31,119336.31
0.6336077,47.1%,133333,142666.31,109336.31
0.6336077,47.4%,133333,142666.31,119336.31
0.6336077,47.8%,133333,142666.31,119336.31
0.6336077,48.1%,133333,142666.31,119336.31
0.6336077,48.4%,133333,142666.31,119336.31
0.6336077,48.8%,133333,142666.31,129336.31
0.6336077,49.1%,133333,142666.31,119336.31
0.6336077,49.4%,133333,142666.31,119336.31
0.6336077,49.7%,133333,142666.31,109336.31
0.6336077,50.1%,133333,142666.31,109336.31
0.6336077,50.4%,133333,142666.31,109336.31
0.6336077,50.7%,133333,142666.31,109336.31
0.6336077,51.1%,133333,142666.31,119336.31
0.6336077,51.4%,133333,142666.31,109336.31
0.6336077,51.7%,133333,142666.31,109336.31
0.6336077,52.1%,133333,142666.31,109336.31
0.6336077,52.4%,133333,142666.31,119336.31
0.6336077,52.7%,133333,142666.31,109336.31
0.6336077,53.1%,133333,142666.31,109336.31
0.6336077,53.4%,133333,142666.31,109336.31
0.6336077,53.7%,133333,142666.31,109336.31
0.6336077,54.0%,133333,142666.31,109336.31
0.6336077,54.4%,133333,142666.31,109336.31
0.6336077,54.7%,133333,142666.31,119336.31
0.6336077,55.0%,133333,142666.31,119336.31
0.6336077,55.4%,133333,142666.31,109336.31
0.6336077,55.7%,133333,142666.31,109336.31
0.6336077,56.0%,133333,142666.31,109336.31
0.6336077,56.4%,133333,142666.31,109336.31
0.6336077,56.7%,133333,142666.31,109336.31
0.6336077,57.0%,133333,142666.31,109336.31
0.6336077,57.4%,133333,142666.31,109336.31
0.6336077,57.7%,133333,142666.31,109336.31
0.6336077,58.0%,133333,142666.31,109336.31
0.6336077,58.3%,133333,142666.31,109336.31
0.6336077,58.7%,133333,142666.31,109336.31
0.6336077,59.0%,133333,142666.31,109336.31
0.6336077,59.3%,133333,142666.31,109336.31
0.6336077,59.7%,133333,142666.31,109336.31
0.6336077,60.0%,133333,142666.31,109336.31
0.6336077,60.3%,133333,142666.31,109336.31
0.6336077,60.7%,133333,142666.31,109336.31
0.6336077,61.0%,133333,142808,109478
0.6336077,61.3%,133333,142666.31,109478
0.6336077,61.7%,133333,142666.31,109478
0.6336077,62.0%,133333,142666.31,109478
0.6336077,62.3%,133333,142666.31,109478
0.6336077,62.6%,133333,142666.31,109478
0.6336077,63.0%,133333,142666.31,109478
0.6336077,63.3%,133333,142666.31,109478
0.6336077,63.6%,133333,142666.31,109478
0.6336077,64.0%,133333,142666.31,109478
0.6336077,64.3%,133333,142666.31,112678
0.6336077,64.6%,133333,142666.31,109478
0.6336077,65.0%,133333,142666.31,109478
0.6336077,65.3%,133333,142666.31,109478
0.6336077,65.6%,133333,142666.31,109478
0.6336077,65.9%,133333,142666.31,112678
0.6336077,66.3%,133333,142666.31,109478
0.6336077,66.6%,133333,142666.31,112678
0.6336077,66.9%,133333,142666.31,112678
0.6336077,67.3%,133333,142666.31,112678
0.6336077,67.6%,133333,142666.31,109478
0.6336077,67.9%,133333,142666.31,112678
0.6336077,68.3%,133333,142666.31,109478
0.6336077,68.6%,133333,142666.31,112678
0.6336077,68.9%,133333,142666.31,109478
0.6336077,69.3%,133333,142666.31,109478
0.6336077,69.6%,133333,142666.31,112678
0.6336077,69.9%,133333,142666.31,109478
0.6336077,70.2%,133333,142666.31,112678
0.6336077,70.6%,133333,142666.31,109478
0.6336077,70.9%,133333,142666.31,112678
0.6336077,71.2%,133333,142666.31,112678
0.6336077,71.6%,133333,142666.31,112678
0.6336077,71.9%,133333,142666.31,112678
0.6336077,72.2%,133333,142666.31,120008
0.6336077,72.6%,133333,142666.31,120008
0.6336077,72.9%,133333,142666.31,122666.31
0.6336077,73.2%,133333,142666.31,122666.31
0.6336077,73.6%,133333,142666.31,120008
0.6336077,73.9%,133333,142666.31,122666.31
0.6336077,74.2%,133333,142666.31,122666.31
0.6336077,74.5%,133333,142666.31,122666.31
0.6336077,74.9%,133333,142666.31,122666.31
0.6336077,75.2%,133333,142666.31,122666.31
0.6336077,75.5%,133333,142666.31,132666.29
0.6336077,75.9%,133333,142666.31,132666.29
0.6336077,76.2%,133333,142666.31,142666.31
0.6336077,76.5%,133333,142666.31,142666.31
0.6336077,76.9%,133333,142666.31,132666.31
0.6336077,77.2%,133333,142666.31,139738
0.6336077,77.5%,133333,142666.31,129738
0.6336077,77.8%,133333,142666.31,132938
0.6336077,78.2%,133333,142666.31,139342.7967
0.6336077,78.5%,133333,142666.31,139402.155
0.6336077,78.8%,133333,142666.31,141002.155
0.6336077,79.2%,133333,142666.31,142666.31
0.6336077,79.5%,133333,142666.31,141002.155
0.6336077,79.8%,133333,142666.31,142666.31
0.6336077,80.2%,133333,142666.31,139338
0.6336077,80.5%,133333,142666.31,142666.31
0.6336077,80.8%,133333,142666.31,141002.155
0.6336077,81.2%,133333,142666.31,142666.31
0.6336077,81.5%,133333,142666.31,139338
0.6336077,81.8%,133333,142666.31,139338
0.6336077,82.1%,133333,142666.31,139338
0.6336077,82.5%,133333,142666.31,142666.31
0.6336077,82.8%,133333,142666.31,142666.31
0.6336077,83.1%,133333,142666.31,141002.155
0.6336077,83.5%,133333,142666.31,141002.1559
0.6336077,83.8%,133333,142666.31,142666.29
0.6336077,84.1%,133333,142666.31,139338
0.6336077,84.5%,133333,142666.31,139338
0.6336077,84.8%,133333,142666.31,142666.31
0.6336077,85.1%,133333,142666.31,142666.31
0.6336077,85.5%,133333,142666.31,142666.31
0.6336077,85.8%,133333,142666.31,142666.31
0.6336077,86.1%,133333,142666.31,142666.31
0.6336077,86.4%,133333,142666.31,142666.31
0.6336077,86.8%,133333,142666.31,142666.31
0.6336077,87.1%,133333,142666.31,142666.31
0.6336077,87.4%,133333,142666.31,142666.31
0.6336077,87.8%,133333,142666.31,142666.31
0.6336077,88.1%,133333,142666.31,142666.31
0.6336077,88.4%,133333,142666.31,142666.31
0.6336077,88.8%,133333,142666.31,142666.31
0.6336077,89.1%,133333,142666.31,142666.31
0.6336077,89.4%,133333,142666.31,142666.31
0.6336077,89.8%,133333,142666.31,142666.31
0.6336077,90.1%,133333,142666.31,142666.31
0.6336077,90.4%,133333,142666.31,142666.31
0.6336077,90.7%,133333,142666.31,142666.31
0.6336077,91.1%,133333,144214.7901,144214.7901
0.6336077,91.4%,133333,142666.31,142666.31
0.6336077,91.7%,133333,142666.31,142666.31
0.6336077,92.1%,133333,142666.31,142666.31
0.6336077,92.4%,133333,142666.31,142666.31
0.6336077,92.7%,133333,142666.31,142666.31
0.6336077,93.1%,133333,142666.31,142666.31
0.6336077,93.4%,133333,142666.31,142666.31
0.6336077,93.7%,133333,142666.31,142666.31
0.6336077,94.0%,133333,153710.6445,153710.6445
0.6336077,94.4%,133333,142666.31,142666.31
0.6336077,94.7%,133333,142666.31,142666.31
0.6336077,95.0%,133333,142666.31,142666.31
0.6336077,95.4%,133333,142666.31,142666.31
0.6336077,95.7%,133333,142666.31,142666.31
0.6336077,96.0%,133333,142666.31,142666.31
0.6336077,96.4%,133333,142666.31,142666.31
0.6336077,96.7%,133333,142666.31,142666.31
0.6336077,97.0%,133333,142666.31,142666.31
0.6336077,97.4%,133333,142666.31,142666.31
0.6336077,97.7%,133333,142666.31,142666.31
0.6336077,98.0%,133333,142666.31,142666.31
0.6336077,98.3%,133333,142666.31,142666.31
0.6336077,98.7%,133333,142666.31,142666.31
0.6336077,99.0%,133333,142666.31,142666.31
0.6336077,99.3%,133333,142666.31,142666.31
0.6336077,99.7%,133333,142666.31,142666.31
0.6336077,100.0%,133333,142666.31,142666.31
,,,,
Water demand,Power load,Required,Allocated,Water-constrained
0.8947624,33.9%,133333,142666.31,129336.31
0.8947624,34.2%,133333,142666.31,129336.31
0.8947624,34.5%,133333,142666.31,129336.31
0.8947624,34.9%,133333,142666.31,129336.31
0.8947624,35.2%,133333,142666.31,129336.31
0.8947624,35.5%,133333,142666.31,129336.31
0.8947624,35.9%,133333,142666.31,129336.31
0.8947624,36.2%,133333,142666.31,129336.31
0.8947624,36.5%,133333,142666.31,129336.31
0.8947624,36.9%,133333,142666.31,129336.31
0.8947624,37.2%,133333,142666.31,129336.31
0.8947624,37.5%,133333,142666.31,129336.31
0.8947624,37.8%,133333,142666.31,129336.31
0.8947624,38.2%,133333,142666.31,129336.31
0.8947624,38.5%,133333,142666.31,129336.31
0.8947624,38.8%,133333,142666.31,126136.31
0.8947624,39.2%,133333,142666.31,119736.31
0.8947624,39.5%,133333,142666.31,119736.31
0.8947624,39.8%,133333,142666.31,119736.31
0.8947624,40.2%,133333,142666.31,116536.31
0.8947624,40.5%,133333,142666.31,113336.31
0.8947624,40.8%,133333,142666.31,119736.31
0.8947624,41.2%,133333,142666.31,119336.31
0.8947624,41.5%,133333,142666.31,113336.31
0.8947624,41.8%,133333,142666.31,113336.31
0.8947624,42.1%,133333,142666.31,116136.31
0.8947624,42.5%,133333,142666.31,103336.31
0.8947624,42.8%,133333,142666.31,109336.31
0.8947624,43.1%,133333,142666.31,103336.31
0.8947624,43.5%,133333,142666.31,103336.31
0.8947624,43.8%,133333,142666.31,103336.31
0.8947624,44.1%,133333,142666.31,109736.31
0.8947624,44.5%,133333,142666.31,119736.31
0.8947624,44.8%,133333,142666.31,113336.31
0.8947624,45.1%,133333,142666.31,96536.31
0.8947624,45.5%,133333,142666.31,96536.31
0.8947624,45.8%,133333,142666.31,113336.31
0.8947624,46.1%,133333,142666.31,93336.31
0.8947624,46.4%,133333,142666.31,103336.31
0.8947624,46.8%,133333,142666.31,93336.31
0.8947624,47.1%,133333,142666.31,103336.31
0.8947624,47.4%,133333,142666.31,103336.31
0.8947624,47.8%,133333,142666.31,93336.31
0.8947624,48.1%,133333,142666.31,103336.31
0.8947624,48.4%,133333,142666.31,106536.31
0.8947624,48.8%,133333,142666.31,113336.31
0.8947624,49.1%,133333,142666.31,89736.31
0.8947624,49.4%,133333,142666.31,93336.31
0.8947624,49.7%,133333,142666.31,93336.31
0.8947624,50.1%,133333,142666.31,93336.31
0.8947624,50.4%,133333,142666.31,93336.31
0.8947624,50.7%,133333,142666.31,96536.31
0.8947624,51.1%,133333,142666.31,93336.31
0.8947624,51.4%,133333,142666.31,96536.31
0.8947624,51.7%,133333,142666.31,103336.31
0.8947624,52.1%,133333,142666.31,83336.31
0.8947624,52.4%,133333,142666.31,93336.31
0.8947624,52.7%,133333,142666.31,83336.31
0.8947624,53.1%,133333,142666.31,96536.31
0.8947624,53.4%,133333,142666.31,83336.31
0.8947624,53.7%,133333,142666.31,86536.31
0.8947624,54.0%,133333,142666.31,83336.31
0.8947624,54.4%,133333,142666.31,96536.31
0.8947624,54.7%,133333,142666.31,93336.31
0.8947624,55.0%,133333,142666.31,86536.31
0.8947624,55.4%,133333,142666.31,83336.31
0.8947624,55.7%,133333,142666.31,89736.31
0.8947624,56.0%,133333,142666.31,86536.31
0.8947624,56.4%,133333,142666.31,83336.31
0.8947624,56.7%,133333,142666.31,83336.31
0.8947624,57.0%,133333,142666.31,89736.31
0.8947624,57.4%,133333,142666.31,86536.31
0.8947624,57.7%,133333,142666.31,96136.31
0.8947624,58.0%,133333,142666.31,83336.31
0.8947624,58.3%,133333,142666.31,93336.31
0.8947624,58.7%,133333,142666.31,86678
0.8947624,59.0%,133333,142666.31,83336.31
0.8947624,59.3%,133333,142666.31,86536.31
0.8947624,59.7%,133333,142808,86678
0.8947624,60.0%,133333,142666.31,83336.31
0.8947624,60.3%,133333,142808,86678
0.8947624,60.7%,133333,146008,86678
0.8947624,61.0%,133333,142666.31,83336.31
0.8947624,61.3%,133333,142666.31,86678
0.8947624,61.7%,133333,142666.31,86678
0.8947624,62.0%,133333,142666.31,86678
0.8947624,62.3%,133333,142666.31,86678
0.8947624,62.6%,133333,142666.31,86678
0.8947624,63.0%,133333,142666.31,86678
0.8947624,63.3%,133333,142666.31,86678
0.8947624,63.6%,133333,142666.31,86678
0.8947624,64.0%,133333,142666.31,86678
0.8947624,64.3%,133333,142666.31,86678
0.8947624,64.6%,133333,142666.31,86678
0.8947624,65.0%,133333,142666.31,86678
0.8947624,65.3%,133333,142666.31,86678
0.8947624,65.6%,133333,142666.31,86678
0.8947624,65.9%,133333,142666.31,86678
0.8947624,66.3%,133333,142666.31,86678
0.8947624,66.6%,133333,142666.31,86678
0.8947624,66.9%,133333,142666.31,86678
0.8947624,67.3%,133333,142666.31,86678
0.8947624,67.6%,133333,142666.31,86678
0.8947624,67.9%,133333,142666.31,86678
0.8947624,68.3%,133333,142666.31,86678
0.8947624,68.6%,133333,142666.31,86678
0.8947624,68.9%,133333,142666.31,86678
0.8947624,69.3%,133333,142666.31,86678
0.8947624,69.6%,133333,142666.31,86678
0.8947624,69.9%,133333,142666.31,86678
0.8947624,70.2%,133333,142666.31,86678
0.8947624,70.6%,133333,142666.31,86678
0.8947624,70.9%,133333,142666.31,86678
0.8947624,71.2%,133333,142666.31,86678
0.8947624,71.6%,133333,142666.31,86678
0.8947624,71.9%,133333,142666.31,110008
0.8947624,72.2%,133333,142666.31,110008
0.8947624,72.6%,133333,142666.31,110008
0.8947624,72.9%,133333,142666.31,110008
0.8947624,73.2%,133333,142666.31,109466.31
0.8947624,73.6%,133333,142666.31,110008
0.8947624,73.9%,133333,142666.31,110008
0.8947624,74.2%,133333,142666.31,103066.31
0.8947624,74.5%,133333,142666.31,110008
0.8947624,74.9%,133333,142666.31,100008
0.8947624,75.2%,133333,142666.31,106666.31
0.8947624,75.5%,133333,142666.31,106666.31
0.8947624,75.9%,133333,142666.31,106666.31
0.8947624,76.2%,133333,142666.31,132666.31
0.8947624,76.5%,133333,142666.31,128170.0775
0.8947624,76.9%,133333,142666.31,123338
0.8947624,77.2%,133333,142666.31,123338
0.8947624,77.5%,133333,142666.31,123066.31
0.8947624,77.8%,133333,142666.31,123338
0.8947624,78.2%,133333,142666.31,124970.0775
0.8947624,78.5%,133333,142666.31,124170.0775
0.8947624,78.8%,133333,142666.31,126666.31
0.8947624,79.2%,133333,142666.31,124170.0775
0.8947624,79.5%,133333,142666.31,124170.0775
0.8947624,79.8%,133333,142666.31,123338
0.8947624,80.2%,133333,142666.31,123338
0.8947624,80.5%,133333,142666.31,123338
0.8947624,80.8%,133333,142666.31,126666.31
0.8947624,81.2%,133333,142666.31,123338
0.8947624,81.5%,133333,142666.31,126666.31
0.8947624,81.8%,133333,142666.31,124170.0786
0.8947624,82.1%,133333,142666.31,124170.0775
0.8947624,82.5%,133333,142666.31,124170.0775
0.8947624,82.8%,133333,142666.31,124170.0775
0.8947624,83.1%,133333,142666.31,124170.0776
0.8947624,83.5%,133333,142666.31,123338
0.8947624,83.8%,133333,142666.31,124170.0779
0.8947624,84.1%,133333,142666.31,123338
0.8947624,84.5%,133333,142666.31,123338.02
0.8947624,84.8%,133333,142666.31,126666.31
0.8947624,85.1%,133333,142666.31,133066.31
0.8947624,85.5%,133333,142666.31,133066.31
0.8947624,85.8%,133333,142666.31,133066.31
0.8947624,86.1%,133333,142666.31,133066.31
0.8947624,86.4%,133333,142666.31,133066.31
0.8947624,86.8%,133333,142666.31,133066.31
0.8947624,87.1%,133333,142666.31,133066.31
0.8947624,87.4%,133333,142666.31,126666.31
0.8947624,87.8%,133333,142666.31,126666.31
0.8947624,88.1%,133333,142666.31,126666.31
0.8947624,88.4%,133333,142666.31,126666.31
0.8947624,88.8%,133333,142666.31,126666.31
0.8947624,89.1%,133333,142666.31,126666.31
0.8947624,89.4%,133333,142666.31,126666.31
0.8947624,89.8%,133333,142666.31,136266.31
0.8947624,90.1%,133333,142666.31,136266.31
0.8947624,90.4%,133333,142666.31,136266.31
0.8947624,90.7%,133333,142666.31,126666.31
0.8947624,91.1%,133333,142666.31,129866.31
0.8947624,91.4%,133333,142666.31,126666.31
0.8947624,91.7%,133333,142666.31,126666.31
0.8947624,92.1%,133333,142666.31,126666.31
0.8947624,92.4%,133333,142666.31,126666.31
0.8947624,92.7%,133333,144389.0386,144389.0386
0.8947624,93.1%,133333,142666.31,142666.31
0.8947624,93.4%,133333,142666.31,139466.31
0.8947624,93.7%,133333,142666.31,136266.31
0.8947624,94.0%,133333,142666.31,133066.31
0.8947624,94.4%,133333,142666.31,126666.31
0.8947624,94.7%,133333,142666.31,129866.31
0.8947624,95.0%,133333,142666.31,126666.31
0.8947624,95.4%,133333,142666.31,126666.31
0.8947624,95.7%,133333,142666.31,126666.31
0.8947624,96.0%,133333,142666.31,126666.31
0.8947624,96.4%,133333,142666.31,126666.31
0.8947624,96.7%,133333,142666.31,126666.31
0.8947624,97.0%,133333,142666.31,126666.31
0.8947624,97.4%,133333,142666.31,126666.31
0.8947624,97.7%,133333,142666.31,126666.31
0.8947624,98.0%,133333,142666.31,126666.31
0.8947624,98.3%,133333,142666.31,126666.31
0.8947624,98.7%,133333,142666.31,126666.31
0.8947624,99.0%,133333,142666.31,126666.31
0.8947624,99.3%,133333,142666.31,126666.31
0.8947624,99.7%,133333,142666.31,126666.31
0.8947624,100.0%,133333,142666.31,126666.31
,,,,
Water demand,Power load,Required,Allocated,Water-constrained
1.1559171,33.9%,133333,142666.31,129336.31
1.1559171,34.2%,133333,142666.31,129336.31
1.1559171,34.5%,133333,142666.31,129336.31
1.1559171,34.9%,133333,142666.31,129336.31
1.1559171,35.2%,133333,142666.31,129336.31
1.1559171,35.5%,133333,142666.31,129336.31
1.1559171,35.9%,133333,142666.31,129336.31
1.1559171,36.2%,133333,142666.31,129336.31
1.1559171,36.5%,133333,142666.31,129336.31
1.1559171,36.9%,133333,142666.31,129336.31
1.1559171,37.2%,133333,142666.31,129336.31
1.1559171,37.5%,133333,142666.31,129336.31
1.1559171,37.8%,133333,142666.31,129336.31
1.1559171,38.2%,133333,142666.31,129336.31
1.1559171,38.5%,133333,142666.31,129336.31
1.1559171,38.8%,133333,142666.31,129336.31
1.1559171,39.2%,133333,142666.31,129336.31
1.1559171,39.5%,133333,142666.31,119336.31
1.1559171,39.8%,133333,142666.31,129336.31
1.1559171,40.2%,133333,142666.31,129336.31
1.1559171,40.5%,133333,142666.31,129336.31
1.1559171,40.8%,133333,142666.31,129336.31
1.1559171,41.2%,133333,142666.31,129336.31
1.1559171,41.5%,133333,142666.31,129336.31
1.1559171,41.8%,133333,142666.31,129336.31
1.1559171,42.1%,133333,142666.31,129336.31
1.1559171,42.5%,133333,142666.31,129336.31
1.1559171,42.8%,133333,142666.31,129336.31
1.1559171,43.1%,133333,142666.31,119336.31
1.1559171,43.5%,133333,142666.31,119336.31
1.1559171,43.8%,133333,142666.31,129336.31
1.1559171,44.1%,133333,142666.31,129336.31
1.1559171,44.5%,133333,142666.31,129336.31
1.1559171,44.8%,133333,142666.31,119336.31
1.1559171,45.1%,133333,142666.31,129336.31
1.1559171,45.5%,133333,142666.31,109336.31
1.1559171,45.8%,133333,142666.31,129336.31
1.1559171,46.1%,133333,142666.31,109336.31
1.1559171,46.4%,133333,142666.31,129336.31
1.1559171,46.8%,133333,142666.31,119336.31
1.1559171,47.1%,133333,142666.31,109336.31
1.1559171,47.4%,133333,142666.31,119336.31
1.1559171,47.8%,133333,142666.31,119336.31
1.1559171,48.1%,133333,142666.31,119336.31
1.1559171,48.4%,133333,142666.31,119336.31
1.1559171,48.8%,133333,142666.31,109336.31
1.1559171,49.1%,133333,142666.31,119336.31
1.1559171,49.4%,133333,142666.31,119336.31
1.1559171,49.7%,133333,142666.31,119336.31
1.1559171,50.1%,133333,142666.31,109336.31
1.1559171,50.4%,133333,142666.31,119336.31
1.1559171,50.7%,133333,142666.31,109336.31
1.1559171,51.1%,133333,142666.31,119336.31
1.1559171,51.4%,133333,142666.31,119336.31
1.1559171,51.7%,133333,142666.31,109336.31
1.1559171,52.1%,133333,142666.31,119336.31
1.1559171,52.4%,133333,142666.31,109336.31
1.1559171,52.7%,133333,142666.31,109336.31
1.1559171,53.1%,133333,142666.31,109336.31
1.1559171,53.4%,133333,142666.31,119336.31
1.1559171,53.7%,133333,142666.31,109336.31
1.1559171,54.0%,133333,142666.31,109336.31
1.1559171,54.4%,133333,142666.31,109336.31
1.1559171,54.7%,133333,142666.31,109336.31
1.1559171,55.0%,133333,142666.31,109336.31
1.1559171,55.4%,133333,142666.31,109336.31
1.1559171,55.7%,133333,142666.31,109336.31
1.1559171,56.0%,133333,142666.31,109336.31
1.1559171,56.4%,133333,142666.31,109336.31
1.1559171,56.7%,133333,142666.31,109336.31
1.1559171,57.0%,133333,142666.31,109336.31
1.1559171,57.4%,133333,142666.31,109336.31
1.1559171,57.7%,133333,142666.31,109336.31
1.1559171,58.0%,133333,142666.31,109336.31
1.1559171,58.3%,133333,142666.31,109336.31
1.1559171,58.7%,133333,142666.31,109336.31
1.1559171,59.0%,133333,142666.31,109336.31
1.1559171,59.3%,133333,142808,109478
1.1559171,59.7%,133333,142666.31,109336.31
1.1559171,60.0%,133333,142808,109478
1.1559171,60.3%,133333,142808,109478
1.1559171,60.7%,133333,142808,109478
1.1559171,61.0%,133333,142666.31,109478
1.1559171,61.3%,133333,142666.31,109478
1.1559171,61.7%,133333,142666.31,109478
1.1559171,62.0%,133333,142666.31,112678
1.1559171,62.3%,133333,142666.31,112678
1.1559171,62.6%,133333,142666.31,112678
1.1559171,63.0%,133333,142666.31,112678
1.1559171,63.3%,133333,142666.31,109478
1.1559171,63.6%,133333,142666.31,112678
1.1559171,64.0%,133333,142666.31,109478
1.1559171,64.3%,133333,142666.31,112678
1.1559171,64.6%,133333,142666.31,109478
1.1559171,65.0%,133333,142666.31,109478
1.1559171,65.3%,133333,142666.31,109478
1.1559171,65.6%,133333,142666.31,112678
1.1559171,65.9%,133333,142666.31,109478
1.1559171,66.3%,133333,142666.31,109478
1.1559171,66.6%,133333,142666.31,109478
1.1559171,66.9%,133333,142666.31,109478
1.1559171,67.3%,133333,142666.31,109478
1.1559171,67.6%,133333,142666.31,109478
1.1559171,67.9%,133333,142666.31,112678
1.1559171,68.3%,133333,142666.31,112678
1.1559171,68.6%,133333,142666.31,112678
1.1559171,68.9%,133333,142666.31,109478
1.1559171,69.3%,133333,142666.31,109478
1.1559171,69.6%,133333,142666.31,109478
1.1559171,69.9%,133333,142666.31,112678
1.1559171,70.2%,133333,142666.31,112678
1.1559171,70.6%,133333,142666.31,112678
1.1559171,70.9%,133333,142666.31,112678
1.1559171,71.2%,133333,142666.31,112678
1.1559171,71.6%,133333,142666.31,112678
1.1559171,71.9%,133333,142666.31,120008
1.1559171,72.2%,133333,142666.31,120008
1.1559171,72.6%,133333,142666.31,120008
1.1559171,72.9%,133333,142666.31,122666.31
1.1559171,73.2%,133333,142666.31,120008
1.1559171,73.6%,133333,142666.31,122666.31
1.1559171,73.9%,133333,142666.31,122666.31
1.1559171,74.2%,133333,142666.31,122666.31
1.1559171,74.5%,133333,142666.31,132666.29
1.1559171,74.9%,133333,142666.31,126008
1.1559171,75.2%,133333,142666.31,126008
1.1559171,75.5%,133333,142666.31,126008
1.1559171,75.9%,133333,142666.31,132666.31
1.1559171,76.2%,133333,142666.31,142666.31
1.1559171,76.5%,133333,142666.31,136538
1.1559171,76.9%,133333,142666.31,139738
1.1559171,77.2%,133333,142666.31,139738
1.1559171,77.5%,133333,142666.31,142666.31
1.1559171,77.8%,133333,142666.31,139402.155
1.1559171,78.2%,133333,142666.31,142666.31
1.1559171,78.5%,133333,142666.31,141002.155
1.1559171,78.8%,133333,142666.31,142666.31
1.1559171,79.2%,133333,142666.31,141002.155
1.1559171,79.5%,133333,142666.31,142666.31
1.1559171,79.8%,133333,142666.31,139338
1.1559171,80.2%,133333,142666.31,142666.31
1.1559171,80.5%,133333,142666.31,139338
1.1559171,80.8%,133333,142666.31,142666.31
1.1559171,81.2%,133333,142666.31,139338
1.1559171,81.5%,133333,142666.31,141002.15
1.1559171,81.8%,133333,142666.31,139338
1.1559171,82.1%,133333,142666.31,139338
1.1559171,82.5%,133333,142666.31,141002.155
1.1559171,82.8%,133333,142666.31,142666.31
1.1559171,83.1%,133333,142666.31,141002.155
1.1559171,83.5%,133333,142666.31,142666.31
1.1559171,83.8%,133333,142666.31,139338
1.1559171,84.1%,133333,142666.31,139338
1.1559171,84.5%,133333,142666.31,142666.31
1.1559171,84.8%,133333,142666.31,133066.31
1.1559171,85.1%,133333,142666.31,133066.31
1.1559171,85.5%,133333,142666.31,133066.31
1.1559171,85.8%,133333,142666.31,133066.31
1.1559171,86.1%,133333,142666.31,133066.31
1.1559171,86.4%,133333,142666.31,133066.31
1.1559171,86.8%,133333,142666.31,133066.31
1.1559171,87.1%,133333,142666.31,126666.31
1.1559171,87.4%,133333,142666.31,126666.31
1.1559171,87.8%,133333,142666.31,126666.31
1.1559171,88.1%,133333,142666.31,126666.31
1.1559171,88.4%,133333,142666.31,126666.31
1.1559171,88.8%,133333,142666.31,126666.31
1.1559171,89.1%,133333,142666.31,126666.31
1.1559171,89.4%,133333,142666.31,136266.31
1.1559171,89.8%,133333,142666.31,139466.31
1.1559171,90.1%,133333,142666.31,136266.31
1.1559171,90.4%,133333,142666.31,133066.31
1.1559171,90.7%,133333,143764.7463,130964.7463
1.1559171,91.1%,133333,142666.31,129866.31
1.1559171,91.4%,133333,142666.31,126666.31
1.1559171,91.7%,133333,142666.31,126666.31
1.1559171,92.1%,133333,142666.31,126666.31
1.1559171,92.4%,133333,142666.31,126666.31
1.1559171,92.7%,133333,142666.31,142666.31
1.1559171,93.1%,133333,143359.5082,140159.5082
1.1559171,93.4%,133333,142666.31,139466.31
1.1559171,93.7%,133333,153258.7574,137258.7574
1.1559171,94.0%,133333,142666.31,133066.31
1.1559171,94.4%,133333,142666.31,130373.9522
1.1559171,94.7%,133333,144125.646,128125.646
1.1559171,95.0%,133333,142666.31,126666.31
1.1559171,95.4%,133333,142666.31,126666.31
1.1559171,95.7%,133333,142666.31,126666.31
1.1559171,96.0%,133333,142666.31,126666.31
1.1559171,96.4%,133333,142666.31,126666.31
1.1559171,96.7%,133333,142666.31,126666.31
1.1559171,97.0%,133333,142666.31,126666.31
1.1559171,97.4%,133333,142666.31,126666.31
1.1559171,97.7%,133333,142666.31,126666.31
1.1559171,98.0%,133333,142666.31,126666.31
1.1559171,98.3%,133333,142666.31,126666.31
1.1559171,98.7%,133333,142666.31,126666.31
1.1559171,99.0%,133333,142666.31,126666.31
1.1559171,99.3%,133333,142666.31,126666.31
1.1559171,99.7%,133333,142666.31,126666.31
1.1559171,100.0%,133333,142666.31,126666.31
,,,,
Water demand,Power load,Required,Allocated,Water-constrained
1.4170718,33.9%,133333,142666.31,129336.31
1.4170718,34.2%,133333,142666.31,129336.31
1.4170718,34.5%,133333,142666.31,129336.31
1.4170718,34.9%,133333,142666.31,129336.31
1.4170718,35.2%,133333,142666.31,129336.31
1.4170718,35.5%,133333,142666.31,129336.31
1.4170718,35.9%,133333,142666.31,129336.31
1.4170718,36.2%,133333,142666.31,129336.31
1.4170718,36.5%,133333,142666.31,129336.31
1.4170718,36.9%,133333,142666.31,129336.31
1.4170718,37.2%,133333,142666.31,129336.31
1.4170718,37.5%,133333,142666.31,129336.31
1.4170718,37.8%,133333,142666.31,129336.31
1.4170718,38.2%,133333,142666.31,129336.31
1.4170718,38.5%,133333,142666.31,129336.31
1.4170718,38.8%,133333,142666.31,129336.31
1.4170718,39.2%,133333,142666.31,129336.31
1.4170718,39.5%,133333,142666.31,129336.31
1.4170718,39.8%,133333,142666.31,129336.31
1.4170718,40.2%,133333,142666.31,129336.31
1.4170718,40.5%,133333,142666.31,129336.31
1.4170718,40.8%,133333,142666.31,129336.31
1.4170718,41.2%,133333,142666.31,119336.31
1.4170718,41.5%,133333,142666.31,129336.31
1.4170718,41.8%,133333,142666.31,119336.31
1.4170718,42.1%,133333,142666.31,109336.31
1.4170718,42.5%,133333,142666.31,119336.31
1.4170718,42.8%,133333,142666.31,129336.31
1.4170718,43.1%,133333,142666.31,119336.31
1.4170718,43.5%,133333,142666.31,129336.31
1.4170718,43.8%,133333,142666.31,129336.31
1.4170718,44.1%,133333,142666.31,119336.31
1.4170718,44.5%,133333,142666.31,119336.31
1.4170718,44.8%,133333,142666.31,129336.31
1.4170718,45.1%,133333,142666.31,119336.31
1.4170718,45.5%,133333,142666.31,129336.31
1.4170718,45.8%,133333,142666.31,119336.31
1.4170718,46.1%,133333,142666.31,119336.31
1.4170718,46.4%,133333,142666.31,119336.31
1.4170718,46.8%,133333,142666.31,119336.31
1.4170718,47.1%,133333,142666.31,119336.31
1.4170718,47.4%,133333,142666.31,119336.31
1.4170718,47.8%,133333,142666.31,119336.31
1.4170718,48.1%,133333,142666.31,119336.31
1.4170718,48.4%,133333,142666.31,109336.31
1.4170718,48.8%,133333,142666.31,109336.31
1.4170718,49.1%,133333,142666.31,109336.31
1.4170718,49.4%,133333,142666.31,119336.31
1.4170718,49.7%,133333,142666.31,119336.31
1.4170718,50.1%,133333,142666.31,109336.31
1.4170718,50.4%,133333,142666.31,119336.31
1.4170718,50.7%,133333,142666.31,109336.31
1.4170718,51.1%,133333,142666.31,109336.31
1.4170718,51.4%,133333,142666.31,119336.31
1.4170718,51.7%,133333,142666.31,109336.31
1.4170718,52.1%,133333,142666.31,109336.31
1.4170718,52.4%,133333,142666.31,109336.31
1.4170718,52.7%,133333,142666.31,119336.31
1.4170718,53.1%,133333,142666.31,109336.31
1.4170718,53.4%,133333,142666.31,109336.31
1.4170718,53.7%,133333,142666.31,109336.31
1.4170718,54.0%,133333,142666.31,119336.31
1.4170718,54.4%,133333,142666.31,119336.31
1.4170718,54.7%,133333,142666.31,109336.31
1.4170718,55.0%,133333,142666.31,109336.31
1.4170718,55.4%,133333,142666.31,109336.31
1.4170718,55.7%,133333,142666.31,109336.31
1.4170718,56.0%,133333,142666.31,109336.31
1.4170718,56.4%,133333,142666.31,109336.31
1.4170718,56.7%,133333,142666.31,109336.31
1.4170718,57.0%,133333,142666.31,109336.31
1.4170718,57.4%,133333,142666.31,109336.31
1.4170718,57.7%,133333,142666.31,109336.31
1.4170718,58.0%,133333,142666.31,109336.31
1.4170718,58.3%,133333,142666.31,109336.31
1.4170718,58.7%,133333,142666.31,109336.31
1.4170718,59.0%,133333,142666.31,109336.31
1.4170718,59.3%,133333,142666.31,109336.31
1.4170718,59.7%,133333,142666.31,109336.31
1.4170718,60.0%,133333,142666.31,109336.31
1.4170718,60.3%,133333,142808,109478
1.4170718,60.7%,133333,142666.31,109478
1.4170718,61.0%,133333,142666.31,109478
1.4170718,61.3%,133333,142666.31,112678
1.4170718,61.7%,133333,142666.31,109478
1.4170718,62.0%,133333,142666.31,112678
1.4170718,62.3%,133333,142666.31,109478
1.4170718,62.6%,133333,142666.31,109478
1.4170718,63.0%,133333,142666.31,112678
1.4170718,63.3%,133333,142666.31,112678
1.4170718,63.6%,133333,142666.31,112678
1.4170718,64.0%,133333,142666.31,112678
1.4170718,64.3%,133333,142666.31,109478
1.4170718,64.6%,133333,142666.31,109478
1.4170718,65.0%,133333,142666.31,109478
1.4170718,65.3%,133333,142666.31,112678
1.4170718,65.6%,133333,142666.31,109478
1.4170718,65.9%,133333,142666.31,112678
1.4170718,66.3%,133333,142666.31,109478
1.4170718,66.6%,133333,142666.31,109478
1.4170718,66.9%,133333,142666.31,109478
1.4170718,67.3%,133333,142666.31,112678
1.4170718,67.6%,133333,142666.31,112678
1.4170718,67.9%,133333,142666.31,112678
1.4170718,68.3%,133333,142666.31,109478
1.4170718,68.6%,133333,142666.31,112678
1.4170718,68.9%,133333,142666.31,112678
1.4170718,69.3%,133333,142666.31,109478
1.4170718,69.6%,133333,142666.31,112678
1.4170718,69.9%,133333,142666.31,112678
1.4170718,70.2%,133333,142666.31,112678
1.4170718,70.6%,133333,142666.31,112678
1.4170718,70.9%,133333,142666.31,112678
1.4170718,71.2%,133333,142666.31,112678
1.4170718,71.6%,133333,142666.31,120008
1.4170718,71.9%,133333,142666.31,120008
1.4170718,72.2%,133333,142666.31,120008
1.4170718,72.6%,133333,142666.31,122666.31
1.4170718,72.9%,133333,142666.31,123208
1.4170718,73.2%,133333,142666.31,124537.155
1.4170718,73.6%,133333,142666.31,122666.31
1.4170718,73.9%,133333,142666.31,122666.31
1.4170718,74.2%,133333,142666.31,122666.31
1.4170718,74.5%,133333,142666.31,122666.31
1.4170718,74.9%,133333,142666.31,132666.29
1.4170718,75.2%,133333,142666.31,126008
1.4170718,75.5%,133333,142666.31,122666.31
1.4170718,75.9%,133333,142666.31,142666.29
1.4170718,76.2%,133333,142666.31,137178.4816
1.4170718,76.5%,133333,142666.31,134602.155
1.4170718,76.9%,133333,142666.31,136202.155
1.4170718,77.2%,133333,142666.31,139738
1.4170718,77.5%,133333,142666.31,139132.874
1.4170718,77.8%,133333,142666.31,139402.155
1.4170718,78.2%,133333,142666.31,142666.31
1.4170718,78.5%,133333,142666.31,142666.31
1.4170718,78.8%,133333,142666.31,141002.155
1.4170718,79.2%,133333,142666.31,141002.155
1.4170718,79.5%,133333,142666.31,126408
1.4170718,79.8%,133333,142666.31,139338
1.4170718,80.2%,133333,142666.31,142666.31
1.4170718,80.5%,133333,142666.31,141002.155
1.4170718,80.8%,133333,142666.31,139338
1.4170718,81.2%,133333,142666.31,139338
1.4170718,81.5%,133333,142666.31,139338
1.4170718,81.8%,133333,142666.31,139338
1.4170718,82.1%,133333,142666.31,141002.157
1.4170718,82.5%,133333,142666.31,141002.1568
1.4170718,82.8%,133333,142666.31,141002.155
1.4170718,83.1%,133333,142666.31,142666.31
1.4170718,83.5%,133333,142666.31,142666.31
1.4170718,83.8%,133333,142666.31,142666.31
1.4170718,84.1%,133333,142666.31,139338
1.4170718,84.5%,133333,142666.31,142666.31
1.4170718,84.8%,133333,142666.31,142666.31
1.4170718,85.1%,133333,142666.31,142666.31
1.4170718,85.5%,133333,142666.31,142666.31
1.4170718,85.8%,133333,142666.31,142666.31
1.4170718,86.1%,133333,142666.31,142666.31
1.4170718,86.4%,133333,142666.31,142666.31
1.4170718,86.8%,133333,142666.31,142666.31
1.4170718,87.1%,133333,142666.31,142666.31
1.4170718,87.4%,133333,142666.31,142666.31
1.4170718,87.8%,133333,142666.31,142666.31
1.4170718,88.1%,133333,142666.31,142666.31
1.4170718,88.4%,133333,142666.31,142666.31
1.4170718,88.8%,133333,142666.31,142666.31
1.4170718,89.1%,133333,142666.31,142666.31
1.4170718,89.4%,133333,142666.31,142666.31
1.4170718,89.8%,133333,142666.31,142666.31
1.4170718,90.1%,133333,142666.31,142666.31
1.4170718,90.4%,133333,142666.31,142666.31
1.4170718,90.7%,133333,142666.31,142666.31
1.4170718,91.1%,133333,142666.31,142666.31
1.4170718,91.4%,133333,142666.31,142666.31
1.4170718,91.7%,133333,142666.31,142666.31
1.4170718,92.1%,133333,142666.31,142666.31
1.4170718,92.4%,133333,142666.31,142666.31
1.4170718,92.7%,133333,142666.31,142666.31
1.4170718,93.1%,133333,142666.31,142666.31
1.4170718,93.4%,133333,142666.31,142666.31
1.4170718,93.7%,133333,142666.31,142666.31
1.4170718,94.0%,133333,142666.31,142666.31
1.4170718,94.4%,133333,142666.31,142666.31
1.4170718,94.7%,133333,142666.31,142666.31
1.4170718,95.0%,133333,142666.31,142666.31
1.4170718,95.4%,133333,142666.31,142666.31
1.4170718,95.7%,133333,142666.31,142666.31
1.4170718,96.0%,133333,142666.31,142666.31
1.4170718,96.4%,133333,142666.31,142666.31
1.4170718,96.7%,133333,142666.31,142666.31
1.4170718,97.0%,133333,142666.31,142666.31
1.4170718,97.4%,133333,142666.31,142666.31
1.4170718,97.7%,133333,142666.31,142666.31
1.4170718,98.0%,133333,142666.31,142666.31
1.4170718,98.3%,133333,142666.31,142666.31
1.4170718,98.7%,133333,142666.31,142666.31
1.4170718,99.0%,133333,142666.31,142666.31
1.4170718,99.3%,133333,142666.31,142666.31
1.4170718,99.7%,133333,142666.31,142666.31
1.4170718,100.0%,133333,142666.31,142666.31
,,,,
Water demand,Power load,Required,Allocated,Water-constrained
1.6782265,33.9%,133333,142666.31,129336.31
1.6782265,34.2%,133333,142666.31,129336.31
1.6782265,34.5%,133333,142666.31,129336.31
1.6782265,34.9%,133333,142666.31,129336.31
1.6782265,35.2%,133333,142666.31,129336.31
1.6782265,35.5%,133333,142666.31,129336.31
1.6782265,35.9%,133333,142666.31,129336.31
1.6782265,36.2%,133333,142666.31,129336.31
1.6782265,36.5%,133333,142666.31,129336.31
1.6782265,36.9%,133333,142666.31,129336.31
1.6782265,37.2%,133333,142666.31,129336.31
1.6782265,37.5%,133333,142666.31,129336.31
1.6782265,37.8%,133333,142666.31,129336.31
1.6782265,38.2%,133333,142666.31,129336.31
1.6782265,38.5%,133333,142666.31,129336.31
1.6782265,38.8%,133333,142666.31,129336.31
1.6782265,39.2%,133333,142666.31,119336.31
1.6782265,39.5%,133333,142666.31,129336.31
1.6782265,39.8%,133333,142666.31,129336.31
1.6782265,40.2%,133333,142666.31,119336.31
1.6782265,40.5%,133333,142666.31,129336.31
1.6782265,40.8%,133333,142666.31,129336.31
1.6782265,41.2%,133333,142666.31,119336.31
1.6782265,41.5%,133333,142666.31,129336.31
1.6782265,41.8%,133333,142666.31,119336.31
1.6782265,42.1%,133333,142666.31,129336.31
1.6782265,42.5%,133333,142666.31,129336.31
1.6782265,42.8%,133333,142666.31,119336.31
1.6782265,43.1%,133333,142666.31,129336.31
1.6782265,43.5%,133333,142666.31,119336.31
1.6782265,43.8%,133333,142666.31,129336.31
1.6782265,44.1%,133333,142666.31,119336.31
1.6782265,44.5%,133333,142666.31,119336.31
1.6782265,44.8%,133333,142666.31,119336.31
1.6782265,45.1%,133333,142666.31,129336.31
1.6782265,45.5%,133333,142666.31,119336.31
1.6782265,45.8%,133333,142666.31,129336.31
1.6782265,46.1%,133333,142666.31,119336.31
1.6782265,46.4%,133333,142666.31,119336.31
1.6782265,46.8%,133333,142666.31,119336.31
1.6782265,47.1%,133333,142666.31,119336.31
1.6782265,47.4%,133333,142666.31,129336.31
1.6782265,47.8%,133333,142666.31,119336.31
1.6782265,48.1%,133333,142666.31,129336.31
1.6782265,48.4%,133333,142666.31,109336.31
1.6782265,48.8%,133333,142666.31,109336.31
1.6782265,49.1%,133333,142666.31,119336.31
1.6782265,49.4%,133333,142666.31,119336.31
1.6782265,49.7%,133333,142666.31,109336.31
1.6782265,50.1%,133333,142666.31,109336.31
1.6782265,50.4%,133333,142666.31,119336.31
1.6782265,50.7%,133333,142666.31,109336.31
1.6782265,51.1%,133333,142666.31,119336.31
1.6782265,51.4%,133333,142666.31,109336.31
1.6782265,51.7%,133333,142666.31,109336.31
1.6782265,52.1%,133333,142666.31,109336.31
1.6782265,52.4%,133333,142666.31,109336.31
1.6782265,52.7%,133333,142666.31,109336.31
1.6782265,53.1%,133333,142666.31,109336.31
1.6782265,53.4%,133333,142666.31,109336.31
1.6782265,53.7%,133333,142666.31,109336.31
1.6782265,54.0%,133333,142666.31,109336.31
1.6782265,54.4%,133333,142666.31,109336.31
1.6782265,54.7%,133333,142666.31,109336.31
1.6782265,55.0%,133333,142666.31,109336.31
1.6782265,55.4%,133333,142666.31,109336.31
1.6782265,55.7%,133333,142666.31,109336.31
1.6782265,56.0%,133333,142666.31,109336.31
1.6782265,56.4%,133333,142666.31,109336.31
1.6782265,56.7%,133333,142666.31,109336.31
1.6782265,57.0%,133333,142666.31,109336.31
1.6782265,57.4%,133333,142666.31,109336.31
1.6782265,57.7%,133333,142666.31,119336.31
1.6782265,58.0%,133333,142666.31,109336.31
1.6782265,58.3%,133333,142666.31,109336.31
1.6782265,58.7%,133333,142666.31,109336.31
1.6782265,59.0%,133333,142808,109478
1.6782265,59.3%,133333,142808,109478
1.6782265,59.7%,133333,142808,109478
1.6782265,60.0%,133333,142666.31,109336.31
1.6782265,60.3%,133333,142666.31,109478
1.6782265,60.7%,133333,142666.31,109478
1.6782265,61.0%,133333,142666.31,109478
1.6782265,61.3%,133333,142666.31,112678
1.6782265,61.7%,133333,142666.31,109478
1.6782265,62.0%,133333,142666.31,109478
1.6782265,62.3%,133333,142666.31,112678
1.6782265,62.6%,133333,142666.31,109478
1.6782265,63.0%,133333,142666.31,112678
1.6782265,63.3%,133333,142666.31,112678
1.6782265,63.6%,133333,142666.31,112678
1.6782265,64.0%,133333,142666.31,109478
1.6782265,64.3%,133333,142666.31,112678
1.6782265,64.6%,133333,142666.31,109478
1.6782265,65.0%,133333,142666.31,112678
1.6782265,65.3%,133333,142666.31,112678
1.6782265,65.6%,133333,142666.31,109478
1.6782265,65.9%,133333,142666.31,109478
1.6782265,66.3%,133333,142666.31,109478
1.6782265,66.6%,133333,142666.31,109478
1.6782265,66.9%,133333,142666.31,109478
1.6782265,67.3%,133333,142666.31,112678
1.6782265,67.6%,133333,142666.31,112678
1.6782265,67.9%,133333,142666.31,109478
1.6782265,68.3%,133333,142666.31,112678
1.6782265,68.6%,133333,142666.31,112678
1.6782265,68.9%,133333,142666.31,112678
1.6782265,69.3%,133333,142666.31,109478
1.6782265,69.6%,133333,142666.31,112678
1.6782265,69.9%,133333,142666.31,112678
1.6782265,70.2%,133333,142666.31,109478
1.6782265,70.6%,133333,142666.31,112678
1.6782265,70.9%,133333,142666.31,112678
1.6782265,71.2%,133333,142666.31,120008
1.6782265,71.6%,133333,142666.31,120008
1.6782265,71.9%,133333,142666.31,120008
1.6782265,72.2%,133333,142666.31,120008
1.6782265,72.6%,133333,142666.31,120008
1.6782265,72.9%,133333,142666.31,122666.31
1.6782265,73.2%,133333,142666.31,122666.31
1.6782265,73.6%,133333,142666.31,122666.31
1.6782265,73.9%,133333,142666.31,123208
1.6782265,74.2%,133333,142666.31,132666.29
1.6782265,74.5%,133333,142666.31,132666.31
1.6782265,74.9%,133333,142666.31,122666.31
1.6782265,75.2%,133333,142666.31,132666.29
1.6782265,75.5%,133333,143308.6888,133338
1.6782265,75.9%,133333,142666.31,142666.31
1.6782265,76.2%,133333,142666.31,132666.31
1.6782265,76.5%,133333,142666.31,129738
1.6782265,76.9%,133333,142666.31,142666.31
1.6782265,77.2%,133333,142666.31,139338
1.6782265,77.5%,133333,142666.31,139402.155
1.6782265,77.8%,133333,142666.31,142666.31
1.6782265,78.2%,133333,142666.31,142666.31
1.6782265,78.5%,133333,142666.31,141002.155
1.6782265,78.8%,133333,142666.31,141002.155
1.6782265,79.2%,133333,142666.31,142666.31
1.6782265,79.5%,133333,142666.31,139338
1.6782265,79.8%,133333,142666.31,142666.31
1.6782265,80.2%,133333,142666.31,142666.31
1.6782265,80.5%,133333,142666.31,139338
1.6782265,80.8%,133333,142666.31,142666.31
1.6782265,81.2%,133333,142666.31,141002.1545
1.6782265,81.5%,133333,142666.31,141002.155
1.6782265,81.8%,133333,142666.31,139338
1.6782265,82.1%,133333,142666.31,141002.1548
1.6782265,82.5%,133333,142666.31,142666.31
1.6782265,82.8%,133333,142666.31,142666.31
1.6782265,83.1%,133333,142666.31,139338
1.6782265,83.5%,133333,142666.31,139338
1.6782265,83.8%,133333,142666.31,142666.31
1.6782265,84.1%,133333,142666.31,139338
1.6782265,84.5%,133333,142666.31,142666.31
1.6782265,84.8%,133333,142666.31,142666.31
1.6782265,85.1%,133333,142666.31,142666.31
1.6782265,85.5%,133333,142666.31,142666.31
1.6782265,85.8%,133333,142666.31,142666.31
1.6782265,86.1%,133333,142666.31,142666.31
1.6782265,86.4%,133333,142666.31,142666.31
1.6782265,86.8%,133333,142666.31,142666.31
1.6782265,87.1%,133333,142666.31,142666.31
1.6782265,87.4%,133333,142666.31,142666.31
1.6782265,87.8%,133333,142666.31,142666.31
1.6782265,88.1%,133333,142666.31,142666.31
1.6782265,88.4%,133333,142666.31,142666.31
1.6782265,88.8%,133333,142666.31,142666.31
1.6782265,89.1%,133333,142666.31,142666.31
1.6782265,89.4%,133333,142666.31,142666.31
1.6782265,89.8%,133333,142666.31,142666.31
1.6782265,90.1%,133333,142666.31,142666.31
1.6782265,90.4%,133333,142666.31,142666.31
1.6782265,90.7%,133333,142666.31,142666.31
1.6782265,91.1%,133333,142666.31,142666.31
1.6782265,91.4%,133333,142666.31,142666.31
1.6782265,91.7%,133333,142666.31,142666.31
1.6782265,92.1%,133333,142666.31,142666.31
1.6782265,92.4%,133333,142666.31,142666.31
1.6782265,92.7%,133333,142666.31,142666.31
1.6782265,93.1%,133333,142666.31,142666.31
1.6782265,93.4%,133333,142666.31,142666.31
1.6782265,93.7%,133333,142666.31,142666.31
1.6782265,94.0%,133333,142666.31,142666.31
1.6782265,94.4%,133333,142666.31,142666.31
1.6782265,94.7%,133333,142666.31,142666.31
1.6782265,95.0%,133333,142666.31,142666.31
1.6782265,95.4%,133333,142666.31,142666.31
1.6782265,95.7%,133333,142666.31,142666.31
1.6782265,96.0%,133333,142666.31,142666.31
1.6782265,96.4%,133333,142666.31,142666.31
1.6782265,96.7%,133333,142666.31,142666.31
1.6782265,97.0%,133333,142666.31,142666.31
1.6782265,97.4%,133333,142666.31,142666.31
1.6782265,97.7%,133333,142666.31,142666.31
1.6782265,98.0%,133333,142666.31,142666.31
1.6782265,98.3%,133333,142666.31,142666.31
1.6782265,98.7%,133333,142666.31,142666.31
1.6782265,99.0%,133333,142666.31,142666.31
1.6782265,99.3%,133333,142666.31,142666.31
1.6782265,99.7%,133333,142666.31,142666.31
1.6782265,100.0%,133333,142666.31,142666.31
,,,,
Water demand,Power load,Required,Allocated,Water-constrained
1.9393812,33.9%,133333,142666.31,129336.31
1.9393812,34.2%,133333,142666.31,129336.31
1.9393812,34.5%,133333,142666.31,129336.31
1.9393812,34.9%,133333,142666.31,129336.31
1.9393812,35.2%,133333,142666.31,129336.31
1.9393812,35.5%,133333,142666.31,129336.31
1.9393812,35.9%,133333,142666.31,129336.31
1.9393812,36.2%,133333,142666.31,129336.31
1.9393812,36.5%,133333,142666.31,129336.31
1.9393812,36.9%,133333,142666.31,129336.31
1.9393812,37.2%,133333,142666.31,129336.31
1.9393812,37.5%,133333,142666.31,129336.31
1.9393812,37.8%,133333,142666.31,129336.31
1.9393812,38.2%,133333,142666.31,129336.31
1.9393812,38.5%,133333,142666.31,129336.31
1.9393812,38.8%,133333,142666.31,119336.31
1.9393812,39.2%,133333,142666.31,129336.31
1.9393812,39.5%,133333,142666.31,129336.31
1.9393812,39.8%,133333,142666.31,119336.31
1.9393812,40.2%,133333,142666.31,129336.31
1.9393812,40.5%,133333,142666.31,129336.31
1.9393812,40.8%,133333,142666.31,129336.31
1.9393812,41.2%,133333,142666.31,129336.31
1.9393812,41.5%,133333,142666.31,129336.31
1.9393812,41.8%,133333,142666.31,129336.31
1.9393812,42.1%,133333,142666.31,129336.31
1.9393812,42.5%,133333,142666.31,119336.31
1.9393812,42.8%,133333,142666.31,129336.31
1.9393812,43.1%,133333,142666.31,129336.31
1.9393812,43.5%,133333,142666.31,129336.31
1.9393812,43.8%,133333,142666.31,129336.31
1.9393812,44.1%,133333,142666.31,109336.31
1.9393812,44.5%,133333,142666.31,109336.31
1.9393812,44.8%,133333,142666.31,119336.31
1.9393812,45.1%,133333,142666.31,119336.31
1.9393812,45.5%,133333,142666.31,119336.31
1.9393812,45.8%,133333,142666.31,109336.31
1.9393812,46.1%,133333,142666.31,119336.31
1.9393812,46.4%,133333,142666.31,119336.31
1.9393812,46.8%,133333,142666.31,119336.31
1.9393812,47.1%,133333,142666.31,119336.31
1.9393812,47.4%,133333,142666.31,119336.31
1.9393812,47.8%,133333,142666.31,119336.31
1.9393812,48.1%,133333,142666.31,119336.31
1.9393812,48.4%,133333,142666.31,119336.31
1.9393812,48.8%,133333,142666.31,109336.31
1.9393812,49.1%,133333,142666.31,109336.31
1.9393812,49.4%,133333,142666.31,109336.31
1.9393812,49.7%,133333,142666.31,109336.31
1.9393812,50.1%,133333,142666.31,109336.31
1.9393812,50.4%,133333,142666.31,109336.31
1.9393812,50.7%,133333,142666.31,109336.31
1.9393812,51.1%,133333,142666.31,109336.31
1.9393812,51.4%,133333,142666.31,119336.31
1.9393812,51.7%,133333,142666.31,109336.31
1.9393812,52.1%,133333,142666.31,109336.31
1.9393812,52.4%,133333,142666.31,109336.31
1.9393812,52.7%,133333,142666.31,109336.31
1.9393812,53.1%,133333,142666.31,109336.31
1.9393812,53.4%,133333,142666.31,109336.31
1.9393812,53.7%,133333,142666.31,109336.31
1.9393812,54.0%,133333,142666.31,109336.31
1.9393812,54.4%,133333,142666.31,109336.31
1.9393812,54.7%,133333,142666.31,109336.31
1.9393812,55.0%,133333,142666.31,109336.31
1.9393812,55.4%,133333,142666.31,109336.31
1.9393812,55.7%,133333,142666.31,109336.31
1.9393812,56.0%,133333,142666.31,109336.31
1.9393812,56.4%,133333,142666.31,109336.31
1.9393812,56.7%,133333,142666.31,109336.31
1.9393812,57.0%,133333,142666.31,109336.31
1.9393812,57.4%,133333,142666.31,109336.31
1.9393812,57.7%,133333,142666.31,109336.31
1.9393812,58.0%,133333,142666.31,109336.31
1.9393812,58.3%,133333,142666.31,109336.31
1.9393812,58.7%,133333,142666.31,109336.31
1.9393812,59.0%,133333,142666.31,109336.31
1.9393812,59.3%,133333,142666.31,109336.31
1.9393812,59.7%,133333,142808,109478
1.9393812,60.0%,133333,142666.31,109336.31
1.9393812,60.3%,133333,142666.31,109478
1.9393812,60.7%,133333,142666.31,109478
1.9393812,61.0%,133333,142666.31,109478
1.9393812,61.3%,133333,142666.31,112678
1.9393812,61.7%,133333,142666.31,112678
1.9393812,62.0%,133333,142666.31,112678
1.9393812,62.3%,133333,142666.31,112678
1.9393812,62.6%,133333,142666.31,109478
1.9393812,63.0%,133333,142666.31,112678
1.9393812,63.3%,133333,142666.31,112678
1.9393812,63.6%,133333,142666.31,112678
1.9393812,64.0%,133333,142666.31,109478
1.9393812,64.3%,133333,142666.31,109478
1.9393812,64.6%,133333,142666.31,109478
1.9393812,65.0%,133333,142666.31,112678
1.9393812,65.3%,133333,142666.31,109478
1.9393812,65.6%,133333,142666.31,112678
1.9393812,65.9%,133333,142666.31,109478
1.9393812,66.3%,133333,142666.31,112678
1.9393812,66.6%,133333,142666.31,109478
1.9393812,66.9%,133333,142666.31,109478
1.9393812,67.3%,133333,142666.31,112678
1.9393812,67.6%,133333,142666.31,112678
1.9393812,67.9%,133333,142666.31,112678
1.9393812,68.3%,133333,142666.31,112678
1.9393812,68.6%,133333,142666.31,112678
1.9393812,68.9%,133333,142666.31,109478
1.9393812,69.3%,133333,142666.31,112678
1.9393812,69.6%,133333,142666.31,112678
1.9393812,69.9%,133333,142666.31,112678
1.9393812,70.2%,133333,142666.31,112678
1.9393812,70.6%,133333,142666.31,112678
1.9393812,70.9%,133333,142666.31,112678
1.9393812,71.2%,133333,142666.31,120008
1.9393812,71.6%,133333,142666.31,120008
1.9393812,71.9%,133333,142666.31,120008
1.9393812,72.2%,133333,142666.31,122666.31
1.9393812,72.6%,133333,142666.31,120008
1.9393812,72.9%,133333,142666.31,122666.31
1.9393812,73.2%,133333,142666.31,129608
1.9393812,73.6%,133333,142666.31,129608
1.9393812,73.9%,133333,142666.31,122666.31
1.9393812,74.2%,133333,142666.31,132666.31
1.9393812,74.5%,133333,142666.31,126008
1.9393812,74.9%,133333,142666.31,126008
1.9393812,75.2%,133333,142666.31,142666.31
1.9393812,75.5%,133333,142666.31,133338
1.9393812,75.9%,133333,142666.31,136538
1.9393812,76.2%,133333,142666.31,139738
1.9393812,76.5%,133333,142666.31,142666.31
1.9393812,76.9%,133333,142666.31,142666.31
1.9393812,77.2%,133333,142666.31,139402.155
1.9393812,77.5%,133333,142666.31,139338
1.9393812,77.8%,133333,142666.31,141002.155
1.9393812,78.2%,133333,142666.31,141002.155
1.9393812,78.5%,133333,142666.31,141002.155
1.9393812,78.8%,133333,142666.31,141002.155
1.9393812,79.2%,133333,142666.31,142666.31
1.9393812,79.5%,133333,142666.31,142666.31
1.9393812,79.8%,133333,142666.31,139338
1.9393812,80.2%,133333,142666.31,141002.156
1.9393812,80.5%,133333,142666.31,139338
1.9393812,80.8%,133333,142666.31,142666.31
1.9393812,81.2%,133333,142666.31,139338
1.9393812,81.5%,133333,142666.31,142666.31
1.9393812,81.8%,133333,142666.31,141002.155
1.9393812,82.1%,133333,142666.31,142666.31
1.9393812,82.5%,133333,142666.31,141002.157
1.9393812,82.8%,133333,142666.31,142666.31
1.9393812,83.1%,133333,142666.31,142666.31
1.9393812,83.5%,133333,142666.31,139338
1.9393812,83.8%,133333,142666.31,139338.02
1.9393812,84.1%,133333,142666.31,142666.31
1.9393812,84.5%,133333,142666.31,142666.31
1.9393812,84.8%,133333,142666.31,142666.31
1.9393812,85.1%,133333,142666.31,142666.31
1.9393812,85.5%,133333,142666.31,142666.31
1.9393812,85.8%,133333,142666.31,142666.31
1.9393812,86.1%,133333,142666.31,142666.31
1.9393812,86.4%,133333,142666.31,142666.31
1.9393812,86.8%,133333,142666.31,142666.31
1.9393812,87.1%,133333,142666.31,142666.31
1.9393812,87.4%,133333,142666.31,142666.31
1.9393812,87.8%,133333,142666.31,142666.31
1.9393812,88.1%,133333,142666.31,142666.31
1.9393812,88.4%,133333,142666.31,142666.31
1.9393812,88.8%,133333,142666.31,142666.31
1.9393812,89.1%,133333,142666.31,142666.31
1.9393812,89.4%,133333,142666.31,142666.31
1.9393812,89.8%,133333,142666.31,142666.31
1.9393812,90.1%,133333,143579.3915,143579.3915
1.9393812,90.4%,133333,142666.31,142666.31
1.9393812,90.7%,133333,142666.31,142666.31
1.9393812,91.1%,133333,142666.31,142666.31
1.9393812,91.4%,133333,142666.31,142666.31
1.9393812,91.7%,133333,142666.31,142666.31
1.9393812,92.1%,133333,142666.31,142666.31
1.9393812,92.4%,133333,142666.31,142666.31
1.9393812,92.7%,133333,142666.31,142666.31
1.9393812,93.1%,133333,142666.31,142666.31
1.9393812,93.4%,133333,142666.31,142666.31
1.9393812,93.7%,133333,142666.31,142666.31
1.9393812,94.0%,133333,142666.31,142666.31
1.9393812,94.4%,133333,142666.31,142666.31
1.9393812,94.7%,133333,142666.31,142666.31
1.9393812,95.0%,133333,142666.31,142666.31
1.9393812,95.4%,133333,142666.31,142666.31
1.9393812,95.7%,133333,142666.31,142666.31
1.9393812,96.0%,133333,142666.31,142666.31
1.9393812,96.4%,133333,142666.31,142666.31
1.9393812,96.7%,133333,142666.31,142666.31
1.9393812,97.0%,133333,142666.31,142666.31
1.9393812,97.4%,133333,142666.31,142666.31
1.9393812,97.7%,133333,142666.31,142666.31
1.9393812,98.0%,133333,142666.31,142666.31
1.9393812,98.3%,133333,142666.31,142666.31
1.9393812,98.7%,133333,142666.31,142666.31
1.9393812,99.0%,133333,142666.31,142666.31
1.9393812,99.3%,133333,142666.31,142666.31
1.9393812,99.7%,133333,142666.31,142666.31
1.9393812,100.0%,133333,142666.31,142666.31
,,,,
Water demand,Power load,Required,Allocated,Water-constrained
2.2005359,33.9%,133333,142666.31,129336.31
2.2005359,34.2%,133333,142666.31,129336.31
2.2005359,34.5%,133333,142666.31,129336.31
2.2005359,34.9%,133333,142666.31,129336.31
2.2005359,35.2%,133333,142666.31,129336.31
2.2005359,35.5%,133333,142666.31,129336.31
2.2005359,35.9%,133333,142666.31,129336.31
2.2005359,36.2%,133333,142666.31,129336.31
2.2005359,36.5%,133333,142666.31,129336.31
2.2005359,36.9%,133333,142666.31,129336.31
2.2005359,37.2%,133333,142666.31,129336.31
2.2005359,37.5%,133333,142666.31,129336.31
2.2005359,37.8%,133333,142666.31,129336.31
2.2005359,38.2%,133333,142666.31,129336.31
2.2005359,38.5%,133333,142666.31,129336.31
2.2005359,38.8%,133333,142666.31,129336.31
2.2005359,39.2%,133333,142666.31,129336.31
2.2005359,39.5%,133333,142666.31,129336.31
2.2005359,39.8%,133333,142666.31,129336.31
2.2005359,40.2%,133333,142666.31,129336.31
2.2005359,40.5%,133333,142666.31,129336.31
2.2005359,40.8%,133333,142666.31,129336.31
2.2005359,41.2%,133333,142666.31,129336.31
2.2005359,41.5%,133333,142666.31,129336.31
2.2005359,41.8%,133333,142666.31,129336.31
2.2005359,42.1%,133333,142666.31,129336.31
2.2005359,42.5%,133333,142666.31,119336.31
2.2005359,42.8%,133333,142666.31,129336.31
2.2005359,43.1%,133333,142666.31,119336.31
2.2005359,43.5%,133333,142666.31,119336.31
2.2005359,43.8%,133333,142666.31,119336.31
2.2005359,44.1%,133333,142666.31,119336.31
2.2005359,44.5%,133333,142666.31,119336.31
2.2005359,44.8%,133333,142666.31,129336.31
2.2005359,45.1%,133333,142666.31,119336.31
2.2005359,45.5%,133333,142666.31,119336.31
2.2005359,45.8%,133333,142666.31,119336.31
2.2005359,46.1%,133333,142666.31,109336.31
2.2005359,46.4%,133333,142666.31,129336.31
2.2005359,46.8%,133333,142666.31,103336.31
2.2005359,47.1%,133333,142666.31,119336.31
2.2005359,47.4%,133333,142666.31,109736.31
2.2005359,47.8%,133333,142666.31,93336.31
2.2005359,48.1%,133333,142666.31,109336.31
2.2005359,48.4%,133333,142666.31,109336.31
2.2005359,48.8%,133333,142666.31,93336.31
2.2005359,49.1%,133333,142666.31,99736.31
2.2005359,49.4%,133333,142666.31,109336.31
2.2005359,49.7%,133333,142666.31,93336.31
2.2005359,50.1%,133333,142666.31,109336.31
2.2005359,50.4%,133333,142666.31,119336.31
2.2005359,50.7%,133333,142666.31,103336.31
2.2005359,51.1%,133333,142666.31,93336.31
2.2005359,51.4%,133333,142666.31,86536.31
2.2005359,51.7%,133333,142666.31,83336.31
2.2005359,52.1%,133333,142666.31,83336.31
2.2005359,52.4%,133333,142666.31,109336.31
2.2005359,52.7%,133333,142666.31,83336.31
2.2005359,53.1%,133333,142666.31,83336.31
2.2005359,53.4%,133333,142666.31,102936.31
2.2005359,53.7%,133333,142666.31,93336.31
2.2005359,54.0%,133333,142666.31,83336.31
2.2005359,54.4%,133333,142666.31,83336.31
2.2005359,54.7%,133333,142666.31,89736.31
2.2005359,55.0%,133333,142666.31,86536.31
2.2005359,55.4%,133333,142666.31,83336.31
2.2005359,55.7%,133333,142666.31,83336.31
2.2005359,56.0%,133333,142666.31,89736.31
2.2005359,56.4%,133333,142666.31,83336.31
2.2005359,56.7%,133333,142666.31,83336.31
2.2005359,57.0%,133333,142666.31,83336.31
2.2005359,57.4%,133333,142666.31,92936.31
2.2005359,57.7%,133333,142666.31,86536.31
2.2005359,58.0%,133333,142666.31,89736.31
2.2005359,58.3%,133333,142666.31,86536.31
2.2005359,58.7%,133333,142666.31,92936.31
2.2005359,59.0%,133333,142666.31,83336.31
2.2005359,59.3%,133333,142808,86678
2.2005359,59.7%,133333,142808,86678
2.2005359,60.0%,133333,142666.31,86678
2.2005359,60.3%,133333,142666.31,86678
2.2005359,60.7%,133333,142666.31,86678
2.2005359,61.0%,133333,142666.31,86678
2.2005359,61.3%,133333,142666.31,86678
2.2005359,61.7%,133333,142666.31,86678
2.2005359,62.0%,133333,142666.31,86678
2.2005359,62.3%,133333,142666.31,86678
2.2005359,62.6%,133333,142666.31,86678
2.2005359,63.0%,133333,142666.31,86678
2.2005359,63.3%,133333,142666.31,86678
2.2005359,63.6%,133333,142666.31,86678
2.2005359,64.0%,133333,142666.31,86678
2.2005359,64.3%,133333,142666.31,86678
2.2005359,64.6%,133333,142666.31,86678
2.2005359,65.0%,133333,142666.31,86678
2.2005359,65.3%,133333,142666.31,86678
2.2005359,65.6%,133333,142666.31,86678
2.2005359,65.9%,133333,142666.31,86678
2.2005359,66.3%,133333,142666.31,86678
2.2005359,66.6%,133333,142666.31,86678
2.2005359,66.9%,133333,142666.31,86678
2.2005359,67.3%,133333,142666.31,86678
2.2005359,67.6%,133333,142666.31,86678
2.2005359,67.9%,133333,142666.31,86678
2.2005359,68.3%,133333,142666.31,86678
2.2005359,68.6%,133333,142666.31,86678
2.2005359,68.9%,133333,142666.31,86678
2.2005359,69.3%,133333,142666.31,86678
2.2005359,69.6%,133333,142666.31,86678
2.2005359,69.9%,133333,142666.31,86678
2.2005359,70.2%,133333,142666.31,86678
2.2005359,70.6%,133333,142666.31,86678
2.2005359,70.9%,133333,142666.31,110008
2.2005359,71.2%,133333,142666.31,110008
2.2005359,71.6%,133333,142666.31,110008
2.2005359,71.9%,133333,142666.31,110008
2.2005359,72.2%,133333,142904.547,109704.547
2.2005359,72.6%,133333,142666.31,109466.31
2.2005359,72.9%,133333,142666.31,110008
2.2005359,73.2%,133333,142666.31,110008
2.2005359,73.6%,133333,142666.31,109866.31
2.2005359,73.9%,133333,142666.31,109866.31
2.2005359,74.2%,133333,142666.31,110008
2.2005359,74.5%,133333,142666.31,106666.31
2.2005359,74.9%,133333,142666.31,106666.31
2.2005359,75.2%,133333,142666.31,123338
2.2005359,75.5%,133333,142666.31,128170.0775
2.2005359,75.9%,133333,142666.31,129466.31
2.2005359,76.2%,133333,142666.31,123338
2.2005359,76.5%,133333,142666.31,133338
2.2005359,76.9%,133333,142666.31,129866.31
2.2005359,77.2%,133333,142666.31,124970.0775
2.2005359,77.5%,133333,142666.31,123338
2.2005359,77.8%,133333,142666.31,126666.31
2.2005359,78.2%,133333,142666.31,124170.0775
2.2005359,78.5%,133333,142666.31,124170.0775
2.2005359,78.8%,133333,142666.31,123338
2.2005359,79.2%,133333,142666.31,123338
2.2005359,79.5%,133333,142666.31,123338
2.2005359,79.8%,133333,142666.31,123338
2.2005359,80.2%,133333,142666.31,123338
2.2005359,80.5%,133333,142666.31,123338
2.2005359,80.8%,133333,142666.31,124170.0791
2.2005359,81.2%,133333,142666.31,123338
2.2005359,81.5%,133333,142666.31,123338
2.2005359,81.8%,133333,142666.31,124170.0764
2.2005359,82.1%,133333,142666.31,124170.0774
2.2005359,82.5%,133333,142666.31,123338
2.2005359,82.8%,133333,142666.31,126666.29
2.2005359,83.1%,133333,142666.31,123338
2.2005359,83.5%,133333,142666.31,126666.31
2.2005359,83.8%,133333,142666.31,126666.31
2.2005359,84.1%,133333,142666.31,133066.31
2.2005359,84.5%,133333,142666.31,126666.31
2.2005359,84.8%,133333,142666.31,133066.31
2.2005359,85.1%,133333,142666.31,133066.31
2.2005359,85.5%,133333,142666.31,133066.31
2.2005359,85.8%,133333,142666.31,126666.31
2.2005359,86.1%,133333,142666.31,126666.31
2.2005359,86.4%,133333,142666.31,126666.31
2.2005359,86.8%,133333,142666.31,126666.31
2.2005359,87.1%,133333,142666.31,126666.31
2.2005359,87.4%,133333,142666.31,126666.31
2.2005359,87.8%,133333,142666.31,126666.31
2.2005359,88.1%,133333,142666.31,142666.31
2.2005359,88.4%,133333,142666.31,142666.31
2.2005359,88.8%,133333,142666.31,142666.31
2.2005359,89.1%,133333,142666.31,136266.31
2.2005359,89.4%,133333,142666.31,136266.31
2.2005359,89.8%,133333,142666.31,126666.31
2.2005359,90.1%,133333,142666.31,129866.31
2.2005359,90.4%,133333,142666.31,126666.31
2.2005359,90.7%,133333,142666.31,126666.31
2.2005359,91.1%,133333,142666.31,126666.31
2.2005359,91.4%,133333,142666.31,126666.31
2.2005359,91.7%,133333,142666.31,142666.31
2.2005359,92.1%,133333,142666.31,142666.31
2.2005359,92.4%,133333,142666.31,139466.31
2.2005359,92.7%,133333,142666.31,136266.31
2.2005359,93.1%,133333,142666.31,133066.31
2.2005359,93.4%,133333,142666.31,126666.31
2.2005359,93.7%,133333,142666.31,129866.31
2.2005359,94.0%,133333,142666.31,126666.31
2.2005359,94.4%,133333,142666.31,126666.31
2.2005359,94.7%,133333,142666.31,126666.31
2.2005359,95.0%,133333,142666.31,126666.31
2.2005359,95.4%,133333,142666.31,126666.31
2.2005359,95.7%,133333,142666.31,126666.31
2.2005359,96.0%,133333,142666.31,126666.31
2.2005359,96.4%,133333,142666.31,126666.31
2.2005359,96.7%,133333,142666.31,126666.31
2.2005359,97.0%,133333,142666.31,126666.31
2.2005359,97.4%,133333,142666.31,126666.31
2.2005359,97.7%,133333,142666.31,126666.31
2.2005359,98.0%,133333,142666.31,126666.31
2.2005359,98.3%,133333,142666.31,126666.31
2.2005359,98.7%,133333,142666.31,126666.31
2.2005359,99.0%,133333,142666.31,126666.31
2.2005359,99.3%,133333,142666.31,126666.31
2.2005359,99.7%,133333,142666.31,126666.31
2.2005359,100.0%,133333,142666.31,126666.31
,,,,
Water demand,Power load,Required,Allocated,Water-constrained
2.4616906,33.9%,133333,142666.31,129336.31
2.4616906,34.2%,133333,142666.31,129336.31
2.4616906,34.5%,133333,142666.31,122936.31
2.4616906,34.9%,133333,142666.31,129336.31
2.4616906,35.2%,133333,142666.31,126136.31
2.4616906,35.5%,133333,142666.31,129336.31
2.4616906,35.9%,133333,142666.31,129336.31
2.4616906,36.2%,133333,142666.31,129336.31
2.4616906,36.5%,133333,142666.31,129336.31
2.4616906,36.9%,133333,142666.31,129336.31
2.4616906,37.2%,133333,142666.31,129336.31
2.4616906,37.5%,133333,142666.31,126136.31
2.4616906,37.8%,133333,142666.31,122936.31
2.4616906,38.2%,133333,142666.31,119336.31
2.4616906,38.5%,133333,142666.31,119736.31
2.4616906,38.8%,133333,142666.31,119336.31
2.4616906,39.2%,133333,142666.31,113336.31
2.4616906,39.5%,133333,142666.31,113336.31
2.4616906,39.8%,133333,142666.31,119736.31
2.4616906,40.2%,133333,142666.31,116536.31
2.4616906,40.5%,133333,142666.31,113336.31
2.4616906,40.8%,133333,142666.31,113336.31
2.4616906,41.2%,133333,142666.31,119736.31
2.4616906,41.5%,133333,142666.31,103336.31
2.4616906,41.8%,133333,142666.31,103336.31
2.4616906,42.1%,133333,142666.31,109336.31
2.4616906,42.5%,133333,142666.31,103336.31
2.4616906,42.8%,133333,142666.31,116536.31
2.4616906,43.1%,133333,142666.31,119336.31
2.4616906,43.5%,133333,142666.31,106536.31
2.4616906,43.8%,133333,142666.31,103336.31
2.4616906,44.1%,133333,142666.31,93336.31
2.4616906,44.5%,133333,142666.31,113336.31
2.4616906,44.8%,133333,142666.31,109736.31
2.4616906,45.1%,133333,142666.31,103336.31
2.4616906,45.5%,133333,142666.31,103336.31
2.4616906,45.8%,133333,142666.31,103336.31
2.4616906,46.1%,133333,142666.31,93336.31
2.4616906,46.4%,133333,142666.31,103336.31
2.4616906,46.8%,133333,142666.31,93336.31
2.4616906,47.1%,133333,142666.31,116536.31
2.4616906,47.4%,133333,142666.31,103336.31
2.4616906,47.8%,133333,142666.31,103336.31
2.4616906,48.1%,133333,142666.31,83336.31
2.4616906,48.4%,133333,142666.31,93336.31
2.4616906,48.8%,133333,142666.31,93336.31
2.4616906,49.1%,133333,142666.31,96536.31
2.4616906,49.4%,133333,142666.31,93336.31
2.4616906,49.7%,133333,142666.31,93336.31
2.4616906,50.1%,133333,142666.31,93336.31
2.4616906,50.4%,133333,142666.31,92936.31
2.4616906,50.7%,133333,142666.31,83336.31
2.4616906,51.1%,133333,142666.31,93336.31
2.4616906,51.4%,133333,142666.31,83336.31
2.4616906,51.7%,133333,142666.31,83336.31
2.4616906,52.1%,133333,142666.31,96536.31
2.4616906,52.4%,133333,142666.31,93336.31
2.4616906,52.7%,133333,142666.31,83336.31
2.4616906,53.1%,133333,142666.31,83336.31
2.4616906,53.4%,133333,142666.31,96536.31
2.4616906,53.7%,133333,142666.31,83336.31
2.4616906,54.0%,133333,142666.31,83336.31
2.4616906,54.4%,133333,142666.31,83336.31
2.4616906,54.7%,133333,142666.31,86536.31
2.4616906,55.0%,133333,142666.31,86536.31
2.4616906,55.4%,133333,142666.31,83336.31
2.4616906,55.7%,133333,142666.31,83336.31
2.4616906,56.0%,133333,142666.31,86536.31
2.4616906,56.4%,133333,142666.31,86536.31
2.4616906,56.7%,133333,142666.31,83336.31
2.4616906,57.0%,133333,142666.31,93336.31
2.4616906,57.4%,133333,142666.31,83336.31
2.4616906,57.7%,133333,142666.31,92936.31
2.4616906,58.0%,133333,142666.31,89736.31
2.4616906,58.3%,133333,142666.31,86536.31
2.4616906,58.7%,133333,142666.31,92936.31
2.4616906,59.0%,133333,142666.31,83336.31
2.4616906,59.3%,133333,142666.31,86536.31
2.4616906,59.7%,133333,142808,86678
2.4616906,60.0%,133333,144786.757,86678
2.4616906,60.3%,133333,142666.31,86678
2.4616906,60.7%,133333,142666.31,86678
2.4616906,61.0%,133333,142666.31,86678
2.4616906,61.3%,133333,142666.31,86678
2.4616906,61.7%,133333,142666.31,86678
2.4616906,62.0%,133333,142666.31,86678
2.4616906,62.3%,133333,142666.31,86678
2.4616906,62.6%,133333,142666.31,86678
2.4616906,63.0%,133333,142666.31,86678
2.4616906,63.3%,133333,142666.31,86678
2.4616906,63.6%,133333,142666.31,86678
2.4616906,64.0%,133333,142666.31,86678
2.4616906,64.3%,133333,142666.31,86678
2.4616906,64.6%,133333,142666.31,86678
2.4616906,65.0%,133333,142666.31,86678
2.4616906,65.3%,133333,142666.31,86678
2.4616906,65.6%,133333,142666.31,86678
2.4616906,65.9%,133333,142666.31,86678
2.4616906,66.3%,133333,142666.31,86678
2.4616906,66.6%,133333,142666.31,86678
2.4616906,66.9%,133333,142666.31,86678
2.4616906,67.3%,133333,142666.31,86678
2.4616906,67.6%,133333,142666.31,86678
2.4616906,67.9%,133333,142666.31,86678
2.4616906,68.3%,133333,142666.31,86678
2.4616906,68.6%,133333,142666.31,86678
2.4616906,68.9%,133333,142666.31,86678
2.4616906,69.3%,133333,142666.31,86678
2.4616906,69.6%,133333,142666.31,86678
2.4616906,69.9%,133333,142666.31,86678
2.4616906,70.2%,133333,142666.31,86678
2.4616906,70.6%,133333,142666.31,86678
2.4616906,70.9%,133333,142666.31,110008
2.4616906,71.2%,133333,142666.31,110008
2.4616906,71.6%,133333,142666.31,103338
2.4616906,71.9%,133333,142666.31,109466.31
2.4616906,72.2%,133333,142666.31,110008
2.4616906,72.6%,133333,142666.31,110008
2.4616906,72.9%,133333,142666.31,106266.31
2.4616906,73.2%,133333,142666.31,110008
2.4616906,73.6%,133333,142666.31,109866.31
2.4616906,73.9%,133333,142666.31,106666.31
2.4616906,74.2%,133333,142666.31,106666.29
2.4616906,74.5%,133333,142666.31,106666.31
2.4616906,74.9%,133333,142666.31,132666.31
2.4616906,75.2%,133333,142666.31,132666.31
2.4616906,75.5%,133333,142666.31,129466.29
2.4616906,75.9%,133333,142666.31,133338
2.4616906,76.2%,133333,142666.31,133338
2.4616906,76.5%,133333,142666.31,123338
2.4616906,76.9%,133333,142666.31,124970.0775
2.4616906,77.2%,133333,142666.31,124970.0775
2.4616906,77.5%,133333,142666.31,124170.0775
2.4616906,77.8%,133333,142666.31,126666.31
2.4616906,78.2%,133333,142666.31,124170.0775
2.4616906,78.5%,133333,142666.31,124170.0775
2.4616906,78.8%,133333,142666.31,126666.31
2.4616906,79.2%,133333,142666.31,123338
2.4616906,79.5%,133333,142666.31,126666.31
2.4616906,79.8%,133333,142666.31,123338
2.4616906,80.2%,133333,142666.31,123338
2.4616906,80.5%,133333,142666.31,123338
2.4616906,80.8%,133333,142666.31,124170.0775
2.4616906,81.2%,133333,142666.31,123338
2.4616906,81.5%,133333,142666.31,124170.0775
2.4616906,81.8%,133333,142666.31,124170.0771
2.4616906,82.1%,133333,142666.31,124170.0781
2.4616906,82.5%,133333,142666.31,123338
2.4616906,82.8%,133333,142666.31,123338
2.4616906,83.1%,133333,142666.31,123338
2.4616906,83.5%,133333,142666.31,123338
2.4616906,83.8%,133333,142666.31,133066.31
2.4616906,84.1%,133333,142666.31,133066.31
2.4616906,84.5%,133333,142666.31,133066.31
2.4616906,84.8%,133333,142666.31,133066.31
2.4616906,85.1%,133333,142666.31,133066.31
2.4616906,85.5%,133333,142666.31,133066.31
2.4616906,85.8%,133333,142666.31,133066.31
2.4616906,86.1%,133333,142666.31,126666.31
2.4616906,86.4%,133333,142666.31,126666.31
2.4616906,86.8%,133333,142666.31,126666.31
2.4616906,87.1%,133333,142666.31,126666.31
2.4616906,87.4%,133333,142666.31,126666.31
2.4616906,87.8%,133333,142666.31,126666.31
2.4616906,88.1%,133333,142666.31,142666.31
2.4616906,88.4%,133333,142666.31,136266.31
2.4616906,88.8%,133333,142666.31,139466.31
2.4616906,89.1%,133333,142666.31,136266.31
2.4616906,89.4%,133333,142666.31,133066.31
2.4616906,89.8%,133333,144095.9019,131295.9019
2.4616906,90.1%,133333,142666.31,129866.31
2.4616906,90.4%,133333,142666.31,126666.31
2.4616906,90.7%,133333,142666.31,126666.31
2.4616906,91.1%,133333,142666.31,126666.31
2.4616906,91.4%,133333,142666.31,126666.31
2.4616906,91.7%,133333,142666.31,142666.31
2.4616906,92.1%,133333,142666.31,139466.31
2.4616906,92.4%,133333,142666.31,133066.31
2.4616906,92.7%,133333,142666.31,136266.31
2.4616906,93.1%,133333,142666.31,133066.31
2.4616906,93.4%,133333,142666.31,130705.4689
2.4616906,93.7%,133333,142666.31,129866.31
2.4616906,94.0%,133333,142666.31,126666.31
2.4616906,94.4%,133333,142666.31,126666.31
2.4616906,94.7%,133333,142666.31,126666.31
2.4616906,95.0%,133333,142666.31,126666.31
2.4616906,95.4%,133333,142666.31,126666.31
2.4616906,95.7%,133333,142666.31,126666.31
2.4616906,96.0%,133333,142666.31,126666.31
2.4616906,96.4%,133333,142666.31,126666.31
2.4616906,96.7%,133333,142666.31,126666.31
2.4616906,97.0%,133333,142666.31,126666.31
2.4616906,97.4%,133333,142666.31,126666.31
2.4616906,97.7%,133333,142666.31,126666.31
2.4616906,98.0%,133333,142666.31,126666.31
2.4616906,98.3%,133333,142666.31,126666.31
2.4616906,98.7%,133333,142666.31,126666.31
2.4616906,99.0%,133333,142666.31,126666.31
2.4616906,99.3%,133333,142666.31,126666.31
2.4616906,99.7%,133333,142666.31,126666.31
2.4616906,100.0%,133333,142666.31,126666.31
,,,,
Water demand,Power load,Required,Allocated,Water-constrained
2.7228453,33.9%,133333,142666.31,129336.31
2.7228453,34.2%,133333,142666.31,129336.31
2.7228453,34.5%,133333,142666.31,129336.31
2.7228453,34.9%,133333,142666.31,129336.31
2.7228453,35.2%,133333,142666.31,129336.31
2.7228453,35.5%,133333,142666.31,119736.31
2.7228453,35.9%,133333,142666.31,129336.31
2.7228453,36.2%,133333,142666.31,122936.31
2.7228453,36.5%,133333,142666.31,129336.31
2.7228453,36.9%,133333,142666.31,129336.31
2.7228453,37.2%,133333,142666.31,129336.31
2.7228453,37.5%,133333,142666.31,126136.31
2.7228453,37.8%,133333,142666.31,122936.31
2.7228453,38.2%,133333,142666.31,106536.31
2.7228453,38.5%,133333,142666.31,122936.31
2.7228453,38.8%,133333,142666.31,116536.31
2.7228453,39.2%,133333,142666.31,106536.31
2.7228453,39.5%,133333,142666.31,119736.31
2.7228453,39.8%,133333,142666.31,119736.31
2.7228453,40.2%,133333,142666.31,116536.31
2.7228453,40.5%,133333,142666.31,109336.31
2.7228453,40.8%,133333,142666.31,119736.31
2.7228453,41.2%,133333,142666.31,112936.31
2.7228453,41.5%,133333,142666.31,103336.31
2.7228453,41.8%,133333,142666.31,103336.31
2.7228453,42.1%,133333,142666.31,103336.31
2.7228453,42.5%,133333,142666.31,103336.31
2.7228453,42.8%,133333,142666.31,116536.31
2.7228453,43.1%,133333,142666.31,106536.31
2.7228453,43.5%,133333,142666.31,119336.31
2.7228453,43.8%,133333,142666.31,103336.31
2.7228453,44.1%,133333,142666.31,93336.31
2.7228453,44.5%,133333,142666.31,93336.31
2.7228453,44.8%,133333,142666.31,103336.31
2.7228453,45.1%,133333,142666.31,106536.31
2.7228453,45.5%,133333,142666.31,93336.31
2.7228453,45.8%,133333,142666.31,116536.31
2.7228453,46.1%,133333,142666.31,109336.31
2.7228453,46.4%,133333,142666.31,93336.31
2.7228453,46.8%,133333,142666.31,93336.31
2.7228453,47.1%,133333,142666.31,93336.31
2.7228453,47.4%,133333,142666.31,113336.31
2.7228453,47.8%,133333,142666.31,93336.31
2.7228453,48.1%,133333,142666.31,93336.31
2.7228453,48.4%,133333,142666.31,93336.31
2.7228453,48.8%,133333,142666.31,93336.31
2.7228453,49.1%,133333,142666.31,83336.31
2.7228453,49.4%,133333,142666.31,99736.31
2.7228453,49.7%,133333,142666.31,99336.31
2.7228453,50.1%,133333,142666.31,106136.31
2.7228453,50.4%,133333,142666.31,93336.31
2.7228453,50.7%,133333,142666.31,83336.31
2.7228453,51.1%,133333,142666.31,93336.31
2.7228453,51.4%,133333,142666.31,83336.31
2.7228453,51.7%,133333,142666.31,83336.31
2.7228453,52.1%,133333,142666.31,93336.31
2.7228453,52.4%,133333,142666.31,83336.31
2.7228453,52.7%,133333,142666.31,83336.31
2.7228453,53.1%,133333,142666.31,96536.31
2.7228453,53.4%,133333,142666.31,102936.31
2.7228453,53.7%,133333,142666.31,83336.31
2.7228453,54.0%,133333,142666.31,83336.31
2.7228453,54.4%,133333,142666.31,89736.31
2.7228453,54.7%,133333,142666.31,86536.31
2.7228453,55.0%,133333,142666.31,83336.31
2.7228453,55.4%,133333,142666.31,83336.31
2.7228453,55.7%,133333,142666.31,86536.31
2.7228453,56.0%,133333,142666.31,83336.31
2.7228453,56.4%,133333,142666.31,83336.31
2.7228453,56.7%,133333,142666.31,83336.31
2.7228453,57.0%,133333,142666.31,93336.31
2.7228453,57.4%,133333,146008,86678
2.7228453,57.7%,133333,142666.31,83336.31
2.7228453,58.0%,133333,142666.31,92936.31
2.7228453,58.3%,133333,142808,86678
2.7228453,58.7%,133333,142666.31,83336.31
2.7228453,59.0%,133333,142808,86678
2.7228453,59.3%,133333,142666.31,86678
2.7228453,59.7%,133333,142666.31,83336.31
2.7228453,60.0%,133333,142666.31,86678
2.7228453,60.3%,133333,142666.31,86678
2.7228453,60.7%,133333,142666.31,86678
2.7228453,61.0%,133333,142666.31,86678
2.7228453,61.3%,133333,142666.31,86678
2.7228453,61.7%,133333,142666.31,86678
2.7228453,62.0%,133333,142666.31,86678
2.7228453,62.3%,133333,142666.31,86678
2.7228453,62.6%,133333,142666.31,86678
2.7228453,63.0%,133333,142666.31,86678
2.7228453,63.3%,133333,142666.31,86678
2.7228453,63.6%,133333,142666.31,86678
2.7228453,64.0%,133333,142666.31,86678
2.7228453,64.3%,133333,142666.31,86678
2.7228453,64.6%,133333,142666.31,86678
2.7228453,65.3%,133333,142666.31,86678
2.7228453,65.6%,133333,142666.31,86678
2.7228453,65.9%,133333,142666.31,86678
2.7228453,66.3%,133333,142666.31,86678
2.7228453,66.6%,133333,142666.31,86678
2.7228453,66.9%,133333,142666.31,86678
2.7228453,67.3%,133333,142666.31,86678
2.7228453,67.6%,133333,142666.31,86678
2.7228453,67.9%,133333,142666.31,86678
2.7228453,68.3%,133333,142666.31,86678
2.7228453,68.6%,133333,142666.31,86678
2.7228453,68.9%,133333,142666.31,86678
2.7228453,69.3%,133333,142666.31,86678
2.7228453,69.6%,133333,142666.31,86678
2.7228453,69.9%,133333,142666.31,86678
2.7228453,70.2%,133333,142666.31,86678
2.7228453,70.6%,133333,142666.31,110008
2.7228453,70.9%,133333,142666.31,110008
2.7228453,71.2%,133333,142666.31,110008
2.7228453,71.6%,133333,142666.31,110008
2.7228453,71.9%,133333,142666.31,109466.31
2.7228453,72.2%,133333,142666.31,109466.31
2.7228453,72.6%,133333,142666.31,109466.31
2.7228453,72.9%,133333,142666.31,110008
2.7228453,73.2%,133333,142666.31,103066.31
2.7228453,73.6%,133333,142666.31,109866.31
2.7228453,73.9%,133333,142666.31,100008
2.7228453,74.2%,133333,142666.31,106666.31
2.7228453,74.5%,133333,142666.31,132666.31
2.7228453,74.9%,133333,142666.31,123338
2.7228453,75.2%,133333,142666.31,128170.0775
2.7228453,75.5%,133333,142666.31,133338
2.7228453,75.9%,133333,142666.31,126507.0843
2.7228453,76.2%,133333,142666.31,133338
2.7228453,76.5%,133333,142666.31,123338
2.7228453,76.9%,133333,142666.31,124970.0775
2.7228453,77.2%,133333,142666.31,126666.31
2.7228453,77.5%,133333,142666.31,126666.31
2.7228453,77.8%,133333,142666.31,124170.0775
2.7228453,78.2%,133333,142666.31,124170.0775
2.7228453,78.5%,133333,142666.31,124170.0775
2.7228453,78.8%,133333,142666.31,123338
2.7228453,79.2%,133333,142666.31,126666.31
2.7228453,79.5%,133333,142666.31,126666.31
2.7228453,79.8%,133333,142666.31,123338
2.7228453,80.2%,133333,142666.31,126666.31
2.7228453,80.5%,133333,142666.31,123338
2.7228453,80.8%,133333,142666.31,124170.0775
2.7228453,81.2%,133333,142666.31,126666.31
2.7228453,81.5%,133333,142666.31,124170.0747
2.7228453,81.8%,133333,142666.31,124170.0786
2.7228453,82.1%,133333,142666.31,123338
2.7228453,82.5%,133333,142666.31,123338
2.7228453,82.8%,133333,142666.31,123338
2.7228453,83.1%,133333,142666.31,123338
2.7228453,83.5%,133333,142666.31,126666.31
2.7228453,83.8%,133333,142666.31,133066.31
2.7228453,84.1%,133333,142666.31,133066.31
2.7228453,84.5%,133333,142666.31,133066.31
2.7228453,84.8%,133333,142666.31,133066.31
2.7228453,85.1%,133333,142666.31,133066.31
2.7228453,85.5%,133333,142666.31,133066.31
2.7228453,85.8%,133333,142666.31,133066.31
2.7228453,86.1%,133333,142666.31,126666.31
2.7228453,86.4%,133333,142666.31,126666.31
2.7228453,86.8%,133333,142666.31,126666.31
2.7228453,87.1%,133333,142666.31,126666.31
2.7228453,87.4%,133333,142666.31,126666.31
2.7228453,87.8%,133333,142666.31,126666.31
2.7228453,88.1%,133333,142666.31,126666.31
2.7228453,88.4%,133333,142666.31,136266.31
2.7228453,88.8%,133333,142666.31,136266.31
2.7228453,89.1%,133333,142666.31,136266.31
2.7228453,89.4%,133333,142666.31,126666.31
2.7228453,89.8%,133333,143018.4296,130218.4296
2.7228453,90.1%,133333,142666.31,126666.31
2.7228453,90.4%,133333,142666.31,126666.31
2.7228453,90.7%,133333,142666.31,126666.31
2.7228453,91.1%,133333,142666.31,126666.31
2.7228453,91.4%,133333,142666.31,126666.31
2.7228453,91.7%,133333,142666.31,142666.31
2.7228453,92.1%,133333,142666.31,139466.31
2.7228453,92.4%,133333,142666.31,136266.31
2.7228453,92.7%,133333,142666.31,133066.31
2.7228453,93.1%,133333,142666.31,133066.31
2.7228453,93.4%,133333,142666.31,129866.31
2.7228453,93.7%,133333,142666.31,126666.31
2.7228453,94.0%,133333,142666.31,126666.31
2.7228453,94.4%,133333,142666.31,126666.31
2.7228453,94.7%,133333,142666.31,126666.31
2.7228453,95.0%,133333,142666.31,126666.31
2.7228453,95.4%,133333,142666.31,126666.31
2.7228453,95.7%,133333,142666.31,126666.31
2.7228453,96.0%,133333,142666.31,126666.31
2.7228453,96.4%,133333,142666.31,126666.31
2.7228453,96.7%,133333,142666.31,126666.31
2.7228453,97.0%,133333,142666.31,126666.31
2.7228453,97.4%,133333,142666.31,126666.31
2.7228453,97.7%,133333,142666.31,126666.31
2.7228453,98.0%,133333,142666.31,126666.31
2.7228453,98.3%,133333,142666.31,126666.31
2.7228453,98.7%,133333,142666.31,126666.31
2.7228453,99.0%,133333,142666.31,126666.31
2.7228453,99.3%,133333,142666.31,126666.31
2.7228453,99.7%,133333,142666.31,126666.31
2.7228453,100.0%,133333,142666.31,126666.31
,,,,
Water demand,Power load,Required,Allocated,Water-constrained
2.984,33.9%,133333,142666.31,129336.31
2.984,34.2%,133333,142666.31,129336.31
2.984,34.5%,133333,142666.31,129336.31
2.984,34.9%,133333,142666.31,129336.31
2.984,35.2%,133333,142666.31,129336.31
2.984,35.5%,133333,142666.31,129336.31
2.984,35.9%,133333,142666.31,129336.31
2.984,36.2%,133333,142666.31,129336.31
2.984,36.5%,133333,142666.31,129336.31
2.984,36.9%,133333,142666.31,129336.31
2.984,37.2%,133333,142666.31,126136.31
2.984,37.5%,133333,142666.31,126136.31
2.984,37.8%,133333,142666.31,122936.31
2.984,38.2%,133333,142666.31,119736.31
2.984,38.5%,133333,142666.31,116536.31
2.984,38.8%,133333,142666.31,116536.31
2.984,39.2%,133333,142666.31,119336.31
2.984,39.5%,133333,142666.31,106536.31
2.984,39.8%,133333,142666.31,116536.31
2.984,40.2%,133333,142666.31,116536.31
2.984,40.5%,133333,142666.31,113336.31
2.984,40.8%,133333,142666.31,119736.31
2.984,41.2%,133333,142666.31,116536.31
2.984,41.5%,133333,142666.31,109736.31
2.984,41.8%,133333,142666.31,113336.31
2.984,42.1%,133333,142666.31,103336.31
2.984,42.5%,133333,142666.31,103336.31
2.984,42.8%,133333,142666.31,103336.31
2.984,43.1%,133333,142666.31,103336.31
2.984,43.5%,133333,142666.31,103336.31
2.984,43.8%,133333,142666.31,106536.31
2.984,44.1%,133333,142666.31,96536.31
2.984,44.5%,133333,142666.31,103336.31
2.984,44.8%,133333,142666.31,103336.31
2.984,45.1%,133333,142666.31,93336.31
2.984,45.5%,133333,142666.31,93336.31
2.984,45.8%,133333,142666.31,103336.31
2.984,46.1%,133333,142666.31,93336.31
2.984,46.4%,133333,142666.31,103336.31
2.984,46.8%,133333,142666.31,93336.31
2.984,47.1%,133333,142666.31,93336.31
2.984,47.4%,133333,142666.31,103336.31
2.984,47.8%,133333,142666.31,93336.31
2.984,48.1%,133333,142666.31,86536.31
2.984,48.4%,133333,142666.31,93336.31
2.984,48.8%,133333,142666.31,83336.31
2.984,49.1%,133333,142666.31,103336.31
2.984,49.4%,133333,142666.31,106536.31
2.984,49.7%,133333,142666.31,83336.31
2.984,50.1%,133333,142666.31,83336.31
2.984,50.4%,133333,142666.31,103336.31
2.984,50.7%,133333,142666.31,93336.31
2.984,51.1%,133333,142666.31,86536.31
2.984,51.4%,133333,142666.31,83336.31
2.984,51.7%,133333,142666.31,96536.31
2.984,52.1%,133333,142666.31,93336.31
2.984,52.4%,133333,142666.31,83336.31
2.984,52.7%,133333,142666.31,83336.31
2.984,53.1%,133333,142666.31,96536.31
2.984,53.4%,133333,142666.31,93336.31
2.984,53.7%,133333,142666.31,83336.31
2.984,54.0%,133333,142666.31,83336.31
2.984,54.4%,133333,142666.31,89736.31
2.984,54.7%,133333,142666.31,86536.31
2.984,55.0%,133333,142666.31,83336.31
2.984,55.4%,133333,142666.31,92936.31
2.984,55.7%,133333,142666.31,89736.31
2.984,56.0%,133333,142666.31,86536.31
2.984,56.4%,133333,142666.31,83336.31
2.984,56.7%,133333,142666.31,83336.31
2.984,57.0%,133333,142666.31,86536.31
2.984,57.4%,133333,142666.31,89736.31
2.984,57.7%,133333,142666.31,89736.31
2.984,58.0%,133333,142666.31,86536.31
2.984,58.3%,133333,142666.31,92936.31
2.984,58.7%,133333,142808,86678
2.984,59.0%,133333,142808,86678
2.984,59.3%,133333,142808,86678
2.984,59.7%,133333,142666.31,86678
2.984,60.0%,133333,142666.31,86678
2.984,60.3%,133333,142666.31,86678
2.984,60.7%,133333,142666.31,86678
2.984,61.0%,133333,142666.31,86678
2.984,61.3%,133333,142666.31,86678
2.984,61.7%,133333,142666.31,86678
2.984,62.0%,133333,142666.31,86678
2.984,62.3%,133333,142666.31,86678
2.984,62.6%,133333,142666.31,86678
2.984,63.0%,133333,142666.31,86678
2.984,63.3%,133333,142666.31,86678
2.984,63.6%,133333,142666.31,86678
2.984,64.0%,133333,142666.31,86678
2.984,64.3%,133333,142666.31,86678
2.984,64.6%,133333,142666.31,86678
2.984,65.0%,133333,142666.31,86678
2.984,65.3%,133333,142666.31,86678
2.984,65.6%,133333,142666.31,86678
2.984,65.9%,133333,142666.31,86678
2.984,66.3%,133333,142666.31,86678
2.984,66.6%,133333,142666.31,86678
2.984,66.9%,133333,142666.31,86678
2.984,67.3%,133333,142666.31,86678
2.984,67.6%,133333,142666.31,86678
2.984,67.9%,133333,142666.31,86678
2.984,68.3%,133333,142666.31,86678
2.984,68.6%,133333,142666.31,86678
2.984,68.9%,133333,142666.31,86678
2.984,69.3%,133333,142666.31,86678
2.984,69.6%,133333,142666.31,86678
2.984,69.9%,133333,142666.31,86678
2.984,70.2%,133333,142666.31,86678
2.984,70.6%,133333,142666.31,110008
2.984,70.9%,133333,142666.31,110008
2.984,71.2%,133333,142666.31,110008
2.984,71.6%,133333,142666.31,109466.31
2.984,71.9%,133333,142666.31,110008
2.984,72.2%,133333,142666.31,109466.31
2.984,72.6%,133333,142666.31,109072.5745
2.984,72.9%,133333,142666.31,103066.31
2.984,73.2%,133333,142666.31,109866.29
2.984,73.6%,133333,142666.31,109866.31
2.984,73.9%,133333,142666.31,110008
2.984,74.2%,133333,142666.31,100008
2.984,74.5%,133333,142666.31,110008
2.984,74.9%,133333,142666.31,132666.31
2.984,75.2%,133333,142666.31,128170.0775
2.984,75.5%,133333,142666.31,129466.31
2.984,75.9%,133333,142666.31,123338
2.984,76.2%,133333,142666.31,133338
2.984,76.5%,133333,142666.31,125770.0775
2.984,76.9%,133333,142666.31,124970.0775
2.984,77.2%,133333,142666.31,126666.31
2.984,77.5%,133333,142666.31,126666.31
2.984,77.8%,133333,142666.31,124170.0775
2.984,78.2%,133333,142666.31,123338
2.984,78.5%,133333,142666.31,123338
2.984,78.8%,133333,142666.31,123338
2.984,79.2%,133333,142666.31,124170.0775
2.984,79.5%,133333,142666.31,126666.31
2.984,79.8%,133333,142666.31,123338
2.984,80.2%,133333,142666.31,126666.31
2.984,80.5%,133333,142666.31,124170.0775
2.984,80.8%,133333,142666.31,123338
2.984,81.2%,133333,142666.31,124170.0811
2.984,81.5%,133333,142666.31,124170.0764
2.984,81.8%,133333,142666.31,124170.079
2.984,82.1%,133333,142666.31,123338
2.984,82.5%,133333,142666.31,123338
2.984,82.8%,133333,142666.31,123338
2.984,83.1%,133333,142666.31,123338
2.984,83.5%,133333,142666.31,126666.31
2.984,83.8%,133333,142666.31,133066.31
2.984,84.1%,133333,142666.31,133066.31
2.984,84.5%,133333,142666.31,133066.31
2.984,84.8%,133333,142666.31,133066.31
2.984,85.1%,133333,142666.31,133066.31
2.984,85.5%,133333,142666.31,133066.31
2.984,85.8%,133333,142666.31,133066.31
2.984,86.1%,133333,142666.31,126666.31
2.984,86.4%,133333,142666.31,126666.31
2.984,86.8%,133333,142666.31,126666.31
2.984,87.1%,133333,142666.31,126666.31
2.984,87.4%,133333,142666.31,126666.31
2.984,87.8%,133333,142666.31,142666.31
2.984,88.1%,133333,142666.31,142666.31
2.984,88.4%,133333,142666.31,136266.31
2.984,88.8%,133333,142666.31,136266.31
2.984,89.1%,133333,142666.31,126666.31
2.984,89.4%,133333,142666.31,126666.31
2.984,89.8%,133333,142666.31,129866.31
2.984,90.1%,133333,142666.31,126666.31
2.984,90.4%,133333,142666.31,126666.31
2.984,90.7%,133333,142666.31,126666.31
2.984,91.1%,133333,142666.31,126666.31
2.984,91.4%,133333,142666.31,142666.31
2.984,91.7%,133333,142666.31,142666.31
2.984,92.1%,133333,142666.31,139466.31
2.984,92.4%,133333,142666.31,136266.31
2.984,92.7%,133333,142666.31,133066.31
2.984,93.1%,133333,142666.31,126666.31
2.984,93.4%,133333,142666.31,126666.31
2.984,93.7%,133333,142666.31,126666.31
2.984,94.0%,133333,142666.31,126666.31
2.984,94.4%,133333,142666.31,126666.31
2.984,94.7%,133333,142666.31,126666.31
2.984,95.0%,133333,142666.31,126666.31
2.984,95.4%,133333,142666.31,126666.31
2.984,95.7%,133333,142666.31,126666.31
2.984,96.0%,133333,142666.31,126666.31
2.984,96.4%,133333,142666.31,126666.31
2.984,96.7%,133333,142666.31,126666.31
2.984,97.0%,133333,142666.31,126666.31
2.984,97.4%,133333,142666.31,126666.31
2.984,97.7%,133333,142666.31,126666.31
2.984,98.0%,133333,142666.31,126666.31
2.984,98.3%,133333,142666.31,126666.31
2.984,98.7%,133333,142666.31,126666.31
2.984,99.0%,133333,142666.31,126666.31
2.984,99.3%,133333,142666.31,126666.31
2.984,99.7%,133333,142666.31,126666.31
2.984,100.0%,133333,142666.31,126666.31
