0.372453,0.001764187,2.10E-05,0.000193625,0.000197813,0,0,8.42E-05,0.000193875,0,0,0,0.00038725,0.000265312,6.74E-05,0,0.000353687,0
0.377676094,0.001612593,5.83E-05,0.000222175,9.72E-05,3.76E-05,0,0,0.000282518,0,0.000210945,0,0.00044435,0,0,0,0,0.000259521
0.382899188,0.001630111,9.56E-05,0,0,0,0.000128822,0,0.000371162,6.92E-06,0,0.000450133,0,0,0,0.000227059,0.000350429,0
0.388122282,0.002419573,0.000132866,0,0,0.000103913,0,0.00013969,0.000459806,0.000195566,0,0,0,0.00034208,0.000111752,0.000933901,0,0
0.393345376,0.002063598,0.000170144,0,0,1.50E-05,0,0,0,0.000384213,0.000190967,0.000386515,0,0,0,0,0.00034717,0.000569584
0.39856847,0.000880097,0.000207422,0,0,0,0.000210477,0,0,0,0,0,0,6.77E-05,0,0.00039446,0,0
0.403791564,0.001299612,0,0,0,8.13E-05,7.49E-05,0.000195161,0,0,0,0.000322898,0,0,0.000156129,0,0.000343912,0.000125251
0.409014658,0.001571493,0,0,0.000469965,0,0,5.09E-05,0,0,0.00017099,0,0,0,0,0,0,0.000879647
0.414237752,0.001860826,0,0,0.000369335,0,0,0,0,0.000162238,0,0.00025928,0,0.000144505,2.30E-05,0.000561861,0.000340653,0
0.419460846,0.002464651,0,0,0.000268705,5.87E-05,0.000156591,0,1.51E-05,0.000350886,0.000483192,0,0,0.000495615,0.000200506,0,0,0.000435314
0.42468394,0.001952449,0,0,0.000168075,0,2.10E-05,0.000106362,0.000103747,0,0.000151013,0.000195663,0,0.000846725,0,2.24E-05,0.000337395,0
0.429907034,0.001114618,0,1.94E-05,6.74E-05,0,0,0,0.000192391,0,0,0,3.88E-05,0,6.73E-05,0.000729262,0,0
0.435130128,0.002374046,0,4.79E-05,0,3.62E-05,0.000238246,0,0.000281034,0,0.000463215,0.000132045,9.59E-05,0,0,0,0.000334136,0.000745377
0.440353222,0.001330841,1.74E-05,7.65E-05,0,0,0.000102704,0.000161834,0.000369678,0.000128911,0.000131035,0,0.000152994,0,0,0.000189821,0,0
0.445576316,0.003272464,5.46E-05,0.000105047,0,0.000102474,0,1.76E-05,0.000458321,0.000317558,0,6.84E-05,0.000210094,0.00029804,0.000111707,0.000896663,0.000330878,0.000301044
0.45079941,0.002640544,9.19E-05,0.000133597,0,0,0,0,0,0,0.000443237,0,0.000267195,0.00064915,0,0,0,0.00105544
0.456022504,0.00379665,0.000129202,0.000162148,0,0.000168796,0.000184359,0.000217305,0,0,0.000111057,4.81E-06,0.000324295,0,0,0.000357222,0.00032762,0.001809836
0.461245598,0.001997907,0.00016648,0.000190698,0.000440227,7.99E-05,4.88E-05,7.30E-05,0,0,0,0.000461282,0.000381396,0,0.000156084,0,0,0
0.466468692,0.002044305,0.000203758,0.000219248,0.000339597,0,0,0,0,9.56E-05,0.00042326,0,0.000438496,0,0,0,0.000324361,0
0.471691786,0.002333765,0.000241037,0,0.000238967,0,0.000266014,0,0,0.00028423,9.11E-05,0.000397665,0,0.000100465,2.29E-05,0.000524623,0,0.000166774
0.47691488,0.002778122,0,0,0.000138337,0,0.000130472,0.000128506,1.36E-05,0.000472877,0,0,0,0.000451575,0.000200461,0,0.000321102,0.00092117
0.482137974,0.003234035,0,0,3.77E-05,0.000212531,0,0,0.000102263,0,0.000403282,0,0,0.000802685,0,0,0,0.001675566
0.487361068,0.002253304,0,0,0,0.000123621,0,0,0.000190907,0,7.11E-05,0.00079052,0,0,6.73E-05,0.000692024,0.000317844,0
0.492584162,0.000830926,0,0,0,3.47E-05,0,0.000183977,0.000279551,6.23E-05,0,0.00027043,0,0,0,0,0,0
0.497807256,0.001541782,0,0,0,0,0,3.97E-05,0.000368194,0.000250903,0.000383305,0,0,0,0,0.000152583,0.000314585,3.25E-05
0.50303035,0.003388825,0,0,0,0,0.000429325,0,0.000456837,0.00043955,5.11E-05,0,0,0.000254,0.000111662,0.000859425,0,0.0007869
0.508253444,0.003667953,1.37E-05,0,0,0,0.000293783,0.000239449,0,0,0,0.000663285,0,0.00060511,0,0,0.000311327,0.001541296
0.513476538,0.002569795,5.10E-05,0,0.00041049,0.000167356,0.000158241,0,0,0,0.000363327,0.000143195,0,0.00095622,0,0.000319984,0,0
0.518699632,0.001512048,8.83E-05,1.65E-05,0.00030986,7.84E-05,2.27E-05,0.00043919,0,2.89E-05,3.11E-05,0,3.29E-05,0,0.000156039,0,0.000308068,0
0.523922726,0.000982323,0.000125538,4.50E-05,0.00020923,0,0,0.00029492,0,0.000217575,0,0,9.00E-05,0,0,0,0,0
0.52914582,0.003452512,0.000162816,7.36E-05,0.0001086,0,0,0.00015065,0,0.000406222,0.00034335,0.00053605,0.00014714,5.64E-05,2.29E-05,0.000487385,0.00030481,0.00065263
0.534368914,0.002575049,0.000200094,0.00010212,7.97E-06,0,0,6.38E-06,1.21E-05,0,1.12E-05,1.60E-05,0.00020424,0.000407535,0.000200416,0,0,0.001407026
0.539592008,0.002458545,0.000237373,0.00013067,0,0.000211091,0.000457093,0,0.000100779,0,0,0,0.000261341,0.000758645,0,0,0.000301551,0
0.544815102,0.003085123,0,0.000159221,0,0.000122182,0.000321551,0,0.000189423,0,0.000323372,0.000928905,0.000318441,0,6.72E-05,0.000654786,0,0
0.550038196,0.001952018,0,0.000187771,0,3.33E-05,0.000186009,0,0.000278066,0.000184248,0,0.000408815,0.000375542,0,0,0,0.000298293,0
0.55526129,0.002478604,0,0.000216321,0,0,5.05E-05,0.000405862,0.00036671,0.000372895,0,0,0.000432643,0,0,0.000115345,0,0.00051836
0.560484384,0.004213279,0,0,0.000481382,0,0,0.000261593,0.000455354,0,0.000303395,0,0,0.00020996,0.000111618,0.000822187,0.000295035,0.001272756
0.565707478,0.001860815,0,0,0.000380752,0,0,0.000117322,0,0,0,0.00080167,0,0.00056107,0,0,0,0
0.570930572,0.002214322,0,0,0.000280123,0.000165917,0,0,0,0,0,0.00028158,0,0.00091218,0,0.000282746,0.000291776,0
0.576153666,0.001341734,1.00E-05,0,0.000179492,7.70E-05,0.000484862,0,0,0.00015092,0.000283417,0,0,0,0.000155995,0,0,0
0.58137676,0.001487675,4.73E-05,0,7.89E-05,0,0.00034932,0,0,0.000339567,0,0,0,0,0,0,0.000288517,0.00038409
0.586599854,0.002596646,8.46E-05,0,0,0,0.000213778,0,0,0,0,0.000674435,0,1.24E-05,2.28E-05,0.000450147,0,0.001138486
0.591822948,0.00374309,0.000121874,0,0,0,7.82E-05,0.000372535,1.07E-05,0,0.00026344,0.000154345,0,0.000363495,0.000200372,0,0.000285259,0.001892882
0.597046042,0.001251818,0,0,0,0.000209652,0,0.000228265,9.93E-05,0,0,0,0,0.000714605,0,0,0,0
0.602269136,0.001673445,0.00019643,0,0,0.000120743,0,8.40E-05,0.000187939,0.000117593,0,0,0,0,6.72E-05,0.000617548,0.000282,0
0.60749223,0.001695766,0,1.35E-05,0,3.18E-05,0,0,0.000276582,0.00030624,0.000243462,0.0005472,2.71E-05,0,0,0,0,0.00024982
0.612715324,0.002602311,0.000270987,4.21E-05,0.000451645,0,0,0,0.000365226,0,0,2.71E-05,8.42E-05,0,0,7.81E-05,0.000278742,0.001004216
0.617938418,0.004214956,0,7.06E-05,0.000351015,0,0.000377088,0,0.000453869,0,0,0,0.000141286,0.00016592,0.000111573,0.000784949,0,0.001758612
0.623161512,0.003574586,0.000345543,9.92E-05,0.000250385,0,0.000241547,0.000483478,0,0,0.000223485,0.000940055,0.000198387,0.00051703,0,0,0.000275484,0
0.628384606,0.002760554,0,0.000127744,0.000149755,0.000164478,0.000106004,0.000339207,0,8.43E-05,0,0.000419965,0.000255487,0.00086814,0,0.000245508,0,0
0.6336077,0.0029776,0.0004201,0.000156294,4.91E-05,7.56E-05,0,0.000194938,0,0.000272913,0,0,0.000312587,0,0.00015595,0.00095235,0.000272225,0.00011555
0.638830794,0.002140212,0,0.000184844,0,0,0,5.07E-05,0,0.000461559,0.000203507,0,0.000369688,0,0,0,0,0.000869946
0.644053888,0.00375922,0,0.000213394,0,0,0,0,0,0,0,0.00081282,0.000426788,0,0,0.000412909,0.000268966,0.001624342
0.649276982,0.001591167,4.37E-05,0.000241944,0,0,0,0,9.17E-06,0,0,0.00029273,0.000483889,0.000319455,0.000200327,0,0,0
0.654500076,0.001881622,0,0,0,0.000208213,0.000404857,0,9.78E-05,5.09E-05,0.00018353,0,0,0.000670565,0,0,0.000265708,0
0.65972317,0.002860464,0.00011821,0.000299045,0,0.000119304,0.000269315,0.00045015,0.000186455,0.000239585,0,0,0.00059809,0,0,0.00058031,0,0
0.664946264,0.0035237,0,0,0.000421907,3.04E-05,0.000133773,0.00030588,0.000275098,0.000428232,0,0.000685585,0,0,0.000244704,0,0.000262449,0.000735676
0.670169358,0.003804268,0.000192766,0.000356145,0.000321277,0,0,0.00016161,0.000363742,0,0,0.000165495,0.000712291,0,0,4.09E-05,0,0.001490072
0.675392452,0.00262709,0,0,0.000220647,0,0,1.73E-05,0.000452385,0,0.000807935,0,0,0.00012188,0,0.000747711,0.000259191,0
0.680615546,0.002882515,0.000267323,0.000413246,0.000120017,0,0,0,0,1.76E-05,0.000475755,0,0.000826492,0.00047299,0.000289081,0,0,0
0.68583864,0.002378911,0,0,1.94E-05,0.000163039,0,0,0,0.000206257,0.000143575,0.00055835,0,0.0008241,0,0.00020827,0.000255932,0
0.691061734,0.004209356,0.000341879,0.000470346,0,7.41E-05,0.000432625,0,0,0.000394904,0,3.83E-05,0.000940693,0,0,0.000915112,0,0.000601406
0.696284828,0.002687686,0,1.06E-05,0,0,0.000297083,0.000416822,0,0,0,0,2.12E-05,0,0.000333458,0,0.000252674,0.001355802
0.701507922,0.002200136,0.000416436,0,0,0,0.000161542,0.000272553,0,0,0,0.000951205,0,0,2.27E-05,0.000375671,0,0
0.706731016,0.001839624,0,6.77E-05,0,0,2.60E-05,0.000128282,7.68E-06,0,0.00076798,0.000431115,0.000135432,0.000275415,0,0,0,0
0.71195411,0.002408991,0,0,0.0004928,0.000206774,0,0,9.63E-05,0.00017293,0.0004358,0,0,0.000626525,0.000377835,0,0,0
0.717177204,0.002898113,4.00E-05,0.000124816,0.00039217,0.000117864,0,0,0.000184971,0.000361577,0.00010362,0,0.000249633,0,6.71E-05,0.000543072,0.000246157,0.000467136
0.722400298,0.003372421,0,0,0.00029154,2.90E-05,0,0,0.000273614,0,0,0.00082397,0,0,0,0,0.000732809,0.001221532
0.727623392,0.002403582,0.000114546,0.000181917,0.00019091,0,0.000460394,0,0.000362258,0,0,0.00030388,0.000363834,0,0.000422212,3.63E-06,0,0
0.732846486,0.003076843,0,0,9.03E-05,0,0.000324852,0.000383495,0.000450901,0.000927518,0,0,0,7.78E-05,0.000111483,0.000710473,0,0
0.73806958,0.002731305,0.000189102,0.000239017,0,0,0.00018931,0.000239225,0,0,0.000728025,0,0.000478035,0.00042895,0,0,0.00023964,0
0.743292674,0.003879741,0,0,0,0.000161599,5.38E-05,9.50E-05,0,0,0.000395845,0.000696735,0,0.00078006,0.000466589,0.000171032,0.000726292,0.000332866
0.748515768,0.004302842,0.000263659,0.000296118,0,7.27E-05,0,0,0.000716832,0,6.37E-05,0.000176645,0.000592236,0,0.00015586,0.000877874,0,0.001087262
0.753738862,0.001841658,0,0,0,0,0,0,0,0,0,0,0,0,0,0,0,0.001841658
0.758961956,0.002863546,0.000338215,0.000353219,0,0,0,0,0.000894119,0,0,0,0.000706437,0,0,0.000338433,0.000233123,0
0.76418505,31094.69177,0,0,0,0,0.000488162,0,6.20E-06,0.000106275,0,0.0005695,0,31094.68968,0.000200237,0,0.000719775,0
0.769408144,31307.22116,0.000412772,0.000410319,0,0.000205334,0.00035262,0.000350167,0,0.000294922,0.00068807,4.94E-05,0.000820638,31307.21738,0,0,0,0.000198596
0.774631238,31519.7481,0,0,0,0.000116425,0.000217078,0.000205898,0.000183487,0.000483569,0.00035589,0,0,31519.74507,0,0.000505834,0,0.000952992
0.779854332,31732.27988,0.000487328,0.00046742,0,2.75E-05,8.15E-05,6.16E-05,0,0.000672216,2.37E-05,0.000962355,0.000934839,31732.27277,0.000244614,0.001212676,0.000226606,0.001707388
0.785077426,31944.80482,3.63E-05,7.69E-06,0,0,0,0,0.000360774,0.000860863,0,0.000442265,1.54E-05,31944.80046,0,0.001919518,0.000713258,0
0.79030052,32157.3291,0,0,0.000936475,0,0,0,0,0,0,0,0,32157.32816,0,0,0,0
0.795523614,32369.85789,0.000110882,6.48E-05,0.000835845,0,0,0,0.000538061,0,0,0,0.000129578,32369.85585,0.000288991,0,0,6.43E-05
0.800746708,32582.38756,0,0,0.000735215,0.00016016,0,0.00046111,0,0,0.000648115,0.00083512,0,32582.38355,0,0.000133794,0.000220089,0.000818722
0.805969802,32794.91766,0.000185438,0.000121889,0.000634585,7.13E-05,0.000380389,0.00031684,0.000715348,0,0.000315935,0.00031503,0.000243779,32794.91124,0,0.000840636,0.000706741,0.001573118
0.811192896,33007.44177,0,0,0.000533955,0,0.000244847,0.00017257,0,0,0,0,0,33007.43894,0.000333368,0.001547478,0,0
0.81641599,33219.96896,0.000259995,0.00017899,0.000433325,0,0.000109305,2.83E-05,0.000892635,3.96E-05,0,0,0.00035798,33219.96663,2.26E-05,0,0,0
0.821639084,33432.49582,0,0,0.000332695,0,0,0,4.72E-06,0.000228267,0,0.000707885,0,33432.49433,0,0,0.000213572,0
0.826862178,33645.02681,0.000334551,0.00023609,0.000232065,0.000203895,0,0,0,0.000416914,0.00094034,0.000187795,0.000472181,33645.02202,0.000377745,0,0.000700224,0.000684452
0.832085272,33857.55333,0,0,0.000131435,0.000114986,0,0,0.000182003,0.000605561,0.00060816,0,0,33857.54972,6.70E-05,0.000468596,0,0.001438848
0.837308366,34070.08143,0.000409108,0.000293191,3.08E-05,2.61E-05,0,0.000427782,0,0.000794208,0.00027598,0,0.000586382,34070.07741,0,0.001175438,0,0
0.84253146,34282.60925,0,0,0,0,0.000408157,0.000283512,0.00035929,0,0,0.00058065,0,34282.60511,0.000422122,0.00188228,0.000207055,0
0.847754554,34495.13561,0.000483665,0.000350292,0,0,0.000272615,0.000139243,0,0,0,6.06E-05,0.000700583,34495.1328,0.000111394,0,0.000693707,0
0.852977648,34707.66175,3.27E-05,0,0,0,0.000137073,0,0.000536577,0,0,0,0,34707.6605,0,0,0,0.000550182
0.858200742,34920.19332,0,0.000407392,0,0.000158721,1.53E-06,0,0,0,0.000900385,0.000973505,0.000814784,34920.18819,0.000466499,9.66E-05,0,0.001304578
0.863423836,35132.71896,0.000107218,0,0,6.98E-05,0,0,0.000713864,0,0.000568205,0.000453415,0,35132.71589,0.000155771,0.000803398,0.000200538,0
0.86864693,35345.24741,0,0.000464492,0,0,0,0,0,0,0.000236025,0,0.000928985,35345.24358,0,0.00151024,0.00068719,0
0.873870024,35557.77292,0.000181774,4.76E-06,0,0,0,0.000394455,0.000891151,0.000161612,0,0,9.52E-06,35557.77128,0,0,0,0
0.879093118,35770.30147,0,0,0,0,0.000435926,0.000250185,3.23E-06,0.000350259,0,0.00084627,0,35770.29897,0.000200148,0,0,0.000415912
0.884316212,35982.82995,0.000256331,6.19E-05,0,0.000202456,0.000300384,0.000105915,0,0.000538906,0,0.00032618,0.000123724,35982.82667,0,0,0.000194021,0.001170308
0.889539306,36195.35752,0,0,0,0.000113547,0.000164842,0,0.000180519,0.000727553,0.00086043,0,0,36195.35436,0,0.000431358,0.000680673,0
0.8947624,52027.75637,0.000330887,0.000118962,0.000877,2.46E-05,15619.86722,0,0,0.0009162,0.00052825,0,0.000237925,36407.88206,0.000244525,0.0011382,0,0.0026791
0.899985494,52331.46084,0,0,0.00077637,0.000424009,15711.04677,0,0.000357806,0,0.00019607,0.000719035,0,36620.40975,0,0.001845042,0,0
0.905208588,52635.16576,0.000405444,0.000176063,0.00067574,0,15802.22632,0,0,0,0,0.000198945,0.000352126,36832.93745,0,0,0.000187504,0
0.910431682,52938.87473,0,0,0.00057511,0.000246191,15893.40587,0.000361127,0.000535093,0,0,0,0,37045.46514,0.000288902,0,0.000674156,0.001036038
0.915654776,53242.58019,0.000480001,0.000233164,0.00047448,0,15984.58542,0.000216857,0,0,0,0,0.000466327,37257.99284,0,5.93E-05,0,0
0.92087787,53546.29149,2.90E-05,0,0.00037385,6.84E-05,16075.76498,7.26E-05,0.00071238,0,0.000820475,0.0005918,0,37470.52053,0,0.00076616,0,0.00254483
0.926100964,53849.99701,0,0.000290264,0.00027322,0.000467744,16166.94453,0,0,9.50E-05,0.000488295,7.17E-05,0.000580528,37683.04823,0.000333279,0.001473002,0.000180987,0
0.931324058,54153.7023,0.000103554,0,0.00017259,0,16258.12408,0,0.000889667,0.000283604,0.000156115,0,0,37895.57592,2.26E-05,0,0.000667639,0
0.936547152,54457.41003,0,0.000347364,7.20E-05,0.000289926,16349.30363,0,1.75E-06,0.000472251,0,0,0.000694729,38108.10361,0,0,0,0.000901768
0.941770246,54761.11665,0.00017811,0,0,0,16440.48318,0.00047207,0,0.000660898,0,0.000464565,0,38320.63131,0.000377656,0,0,0
0.94699334,55064.82747,0,0.000404465,0,0.000112107,16531.66274,0.0003278,0.000179035,0.000849545,0,0,0.00080893,38533.159,6.69E-05,0.00039412,0.00017447,0.00241056
0.952216434,55368.53197,0.000252667,0,0,0,16622.84229,0.00018353,0,0,0.00078052,0,0,38745.6867,0,0.001100962,0.000661122,0
0.957439528,55672.24155,0,0.000461565,0,0,16714.02184,3.93E-05,0.000356322,0,0.00044834,0.00085742,0.000923131,38958.21439,0.000422033,0.001807804,0,0
0.962662622,55975.94548,0.000327223,1.83E-06,0,0.000333661,16805.20139,0,0,0,0.00011616,0.00033733,3.67E-06,39170.74209,0.000111304,0,0,0.000767498
0.967885716,56279.65143,0,0,0,0,16896.38094,0,0.000533609,0,0,0,0,39383.26978,0,0,0.000167953,0
0.97310881,56583.36213,0.00040178,5.89E-05,0,0.000155842,16987.5605,0,0,0,0,0,0.00011787,39595.79748,0.00046641,2.21E-05,0.000654605,0.00227629
0.978331904,56887.06728,0,0,0,0,17078.74005,0.000438742,0.000710896,2.83E-05,0,0,0,39808.32517,0.000155681,0.000728922,0,0
0.983554998,57190.77977,0.000476336,0.000116035,0,0,17169.9196,0.000294472,0,0.000216949,0.000740565,0,0.000232071,40020.85287,0,0.001435764,0,0.003785082
0.988778092,57494.48441,2.53E-05,0,0,0.000377396,17261.09915,0.000150203,0.000888183,0.000405596,0.000408385,0.00164313,0,40233.38056,0,0,0.000161436,0.000633228
0.994001186,57798.19105,0,0.000173136,0.000918155,0,17352.2787,5.93E-06,2.64E-07,0.000594243,7.62E-05,0.00112304,0.000346272,40445.90826,0.000200058,0,0.000648088,0
0.99922428,58101.89885,9.99E-05,0,0.000817525,0.000199578,17443.45826,0,0,0.00078289,0,0.00060295,0,40658.43595,0,0,0,0.00214202
1.004447374,58405.60445,0,0.000230236,0.000716895,0,17534.63781,0,0.000177551,0.000971537,0,8.29E-05,0.000460473,40870.96365,0,0.000356882,0,0
1.009670468,58709.31463,0.000174446,0,0.000616265,2.18E-05,17625.81736,0,0,0,0,0,0,41083.49134,0.000244435,0.001063724,0.000154919,0.003650812
1.014893562,59013.02212,0,0.000287337,0.000515635,0.000421131,17716.99691,0.000405415,0.000354838,0,0.00070061,0,0.000574674,41296.01904,0,0.001770566,0.000641571,0.000498958
1.020116656,59316.72449,0.000249003,0,0.000415005,0,17808.17646,0.000261145,0,0,0.00036843,0,0,41508.54673,0,0,0,0
1.02533975,59620.43692,0,0.000344437,0.000314375,0.000243312,17899.35602,0.000116875,0.000532125,0,3.62E-05,0.00190875,0.000688875,41721.07443,0.000288812,0,0,0.00200775
1.030562844,59924.13976,0.000323559,0,0.000213745,0,17990.53557,0,0,0,0,0.00138866,0,41933.60212,0,0,0.000148402,0
1.035785938,42146.13805,0,0.000401538,0.000113115,6.55E-05,0.000275916,0,0.000709412,0.000150294,0,0.00086857,0.000803076,42146.12982,0,0.000691684,0.000635054,0.003516542
1.041009032,42358.66131,0.000398116,0,1.25E-05,0.000464866,0.000140374,0,0,0.000338941,0,0.00034848,0,42358.65751,0.000333189,0.001398526,0,0.000364688
1.046232126,42571.18869,0,0.000458638,0,0,4.83E-06,0,0.000886699,0.000527588,0.000660655,0,0.000917277,42571.18521,2.25E-05,0,0,0
1.05145522,42783.71672,0.000472672,0,0,0.000287047,0,0,0,0.000716235,0.000328475,0,0,42783.7129,0,0,0.000141885,0.00187348
1.056678314,42996.24253,2.17E-05,0,0,0,0,0,0,0.000904882,0,0,0,42996.2406,0.000377566,0,0.000628537,0
1.061901408,43208.77251,0,5.60E-05,0,0.000109229,0,0,0.000176067,0,0,0,0.000112016,43208.76829,6.68E-05,0.000319644,0,0.003382272
1.067124502,43421.29991,9.62E-05,0,0,0,0,0.00091584,0,0,0,0.00165428,0,43421.29599,0,0.001026486,0,0.000230418
1.072347596,43633.82952,0,0.000113108,0,0,0,0.00077157,0.000353354,0,0.00095288,0.00113419,0.000226217,43633.82368,0.000421943,0.001733328,0.000135368,0
1.07757069,43846.35621,0.000170782,0,0,0.000330782,0,0.0006273,0,0,0.0006207,0.0006141,0,43846.35138,0.000111215,0,0.00062202,0.00173921
1.082793784,44058.88098,0,0.000170209,0,0,0,0.00048303,0.000530641,0,0.00028852,9.40E-05,0.000340418,44058.87907,0,0,0,0
1.088016878,44271.41217,0.000245339,0,0,0.000152964,0.000873621,0.00033876,0,8.36E-05,0,0,0,44271.40677,0.00046632,0,0,0.003248002
1.093239972,44483.93905,0,0.000227309,0.00095931,0,0.000738079,0.00019449,0.000707928,0.000272286,0,0,0.000454619,44483.93446,0.000155592,0.000654446,0.000128851,9.61E-05
1.098463066,44696.46642,0.000319895,0,0.00085868,0,0.000602537,5.02E-05,0,0.000460933,0,0,0,44696.46216,0,0.001361288,0.000615503,0
1.10368616,44908.99828,0,0.00028441,0.00075805,0.000374517,0.000466995,0,0.000885215,0.00064958,0.000912925,0.0019199,0.00056882,44908.98985,0,0,0,0.00160494
1.108909254,45121.52195,0.000394452,0,0.00065742,0,0.000331453,0,0,0.000838227,0.000580745,0.00139981,0,45121.51755,0.000199969,0,0,0
1.114132348,45334.05158,0,0.00034151,0.00055679,0.000196699,0.000195911,0,0,0,0.000248565,0.00087972,0.000683021,45334.04524,0,0,0.000122334,0.003113732
1.119355442,45546.57535,0.000469008,0,0.00045616,0,6.04E-05,0,0.000174583,0,0,0.00035963,0,45546.57294,0,0.000282406,0.000608986,0
1.124578536,45759.10345,1.80E-05,0.000398611,0.00035553,1.89E-05,0,0,0,0,0,0,0.000797222,45759.10063,0.000244346,0.000989248,0,0
1.12980163,45971.63252,0,0,0.0002549,0.000418252,0,0,0.00035187,0,0,0,0,45971.62832,0,0.00169609,0,0.00147067
1.135024724,0.002602753,9.26E-05,0.000455711,0.00015427,0,0,0,0,0,0.00087297,0,0.000911423,0,0,0,0.000115817,0
1.140247818,0.006221514,0,0,5.36E-05,0.000240434,0,0.000849185,0.000529157,1.70E-05,0.00054079,0,0,0.00012067,0.000288723,0,0.000602469,0.002979462
1.145470912,0.003423484,0.000167119,0,0,0,0,0.000704915,0,0.000205631,0.00020861,0.00166543,0,0.00047178,0,0,0,0
1.150694006,0.004468663,0,5.31E-05,0,6.26E-05,0,0.000560645,0.000706444,0.000394278,0,0.00114534,0.000106162,0.00082289,0,0.000617208,0,0
1.1559171,0.006605062,0.000241675,0,0,0.000461987,0,0.000416375,0,0.000582925,0,0.00062525,0,0.001174,0.0003331,0.00132405,0.0001093,0.0013364
1.161140194,0.005435704,0,0.000110181,0,0,0.000929158,0.000272105,0.000883731,0.000771572,0,0.00010516,0.000220363,0.00152511,2.24E-05,0,0.000595952,0
1.166363288,0.008036497,0.000316231,0,0,0.000284169,0.000793616,0.000127835,0,0.000960219,0.000833015,0,0,0.00187622,0,0,0,0.002845192
1.171586382,0.002038232,0,0.000167282,0,0,0.000658074,0,0,0,0.000500835,0,0.000334564,0,0.000377477,0,0,0
1.176809476,0.001776124,0.000390788,0,0,0.00010635,0.000522532,0,0.000173099,0,0.000168655,0,0,0,6.67E-05,0.000245168,0.000102783,0
1.18203257,0.005734762,0,0.000224382,0,0,0.00038699,0,0,0,0,0.00193105,0.000448765,0,0,0.00095201,0.000589435,0.00120213
1.187255664,0.0040935,0,0,0,0,0.000251448,0,0.000350386,0,0,0.00141096,0,0,0.000421854,0.001658852,0,0
1.192478758,0.005001176,0,0.000281483,0,0.000327904,0.000115906,0,0,0,0,0.00089087,0.000562966,0,0.000111125,0,0,0.002710922
1.197701852,0.003443121,0.000539901,0,0.000899835,0,0,0,0.000527673,0.000138976,0.00079306,0.00037078,0,7.66E-05,0,0,9.63E-05,0
1.202924946,0.004319331,8.89E-05,0.000338583,0.000799205,0.000150085,0,0,0,0.000327623,0.00046088,0,0.000677167,0.00042774,0.000466231,0,0.000582918,0
1.20814804,0.005557487,0,0,0.000698575,0,0,0.0009268,0.00070496,0.00051627,0.0001287,0,0,0.00077885,0.000155502,0.00057997,0,0.00106786
1.213371134,0.005689216,0,0.000395684,0.000597945,0,0,0.00078253,0,0.000704917,0,0,0.000791368,0.00112996,0,0.001286812,0,0
1.218594228,0.00811951,0.000689014,0,0.000497315,0.000371639,0,0.00063826,0.000882247,0.000893564,0,0,0,0.00148107,0,0,8.97E-05,0.002576652
1.223817322,0.00677208,0.000238011,0.000452784,0.000396685,0,0,0.00049399,0,0,0,0.00167658,0.000905569,0.00183218,0.000199879,0,0.000576401,0
1.229040416,0.00274919,0,0,0.000296055,0.00019382,0,0.00034972,0,0,0.000753105,0.00115649,0,0,0,0,0,0
1.23426351,0.002771335,0,0,0.000195425,0,0,0.00020545,0.000171615,0,0.000420925,0.0006364,0,0,0,0.00020793,0,0.00093359
1.239486604,0.003457034,0.000838127,5.02E-05,9.48E-05,1.60E-05,0.000849153,6.12E-05,0,0,8.87E-05,0.00011631,0.000100308,0,0.000244256,0.000914772,8.32E-05,0
1.244709698,0.006498891,0.000387124,0,0,0.000415374,0.000713611,0,0.000348902,0,0,0,0,0,0,0.001621614,0.000569884,0.002442382
1.249932792,0.000972153,0,0.000107254,0,0,0.000578069,0,0,7.23E-05,0,0,0.000214509,0,0,0,0,0
1.255155886,0.001788463,0,0,0,0.000237555,0.000442527,0,0.000526189,0.000260968,0,0,0,3.26E-05,0.000288633,0,0,0
1.26037898,0.00516475,0,0.000164355,0,0,0.000306985,0,0,0.000449615,0.00071315,0.0019422,0.00032871,0.0003837,0,0,7.67E-05,0.00079932
1.265602074,0.005753144,0.000536237,0,0,5.97E-05,0.000171443,0,0.000703476,0.000638262,0.00038097,0.00142211,0,0.00073481,0,0.000542732,0.000563367,0
1.270825168,0.007998946,8.52E-05,0.000221455,0,0.000459109,3.59E-05,0,0,0.000826909,4.88E-05,0.00090202,0.000442911,0.00108592,0.00033301,0.001249574,0,0.002308112
1.276048262,0.002722005,0,0,0,0,0,0,0.000880763,0,0,0.00038193,0,0.00143703,2.23E-05,0,0,0
1.281271356,0.008340461,0,0.000278556,0,0.00028129,0,0.000860145,0,0,0,0,0.000557112,0.00178814,0.000688116,0,7.02E-05,0.003816904
1.28649445,0.002623125,0.00068535,0,0,0,0,0.000715875,0,0,0,0,0,0,0,0,0.00055685,0.00066505
1.291717544,0.00299707,0.000234347,0.000335656,0,0.000103472,0,0.000571605,0.000170131,0,0.000673195,0,0.000671313,0,6.67E-05,0.000170692,0,0
1.296940638,0.005493209,0,0,0.00094099,0,0,0.000427335,0,0,0.000341015,0,0,0,0.000732493,0.000877534,0,0.002173842
1.302163732,0.005999402,0,0.000392757,0.00084036,0,0,0.000283065,0.000347418,5.67E-06,8.83E-06,0.00168773,0.000785514,0,0,0.001584376,6.37E-05,0
1.307386826,0.007743969,0.000834463,0,0.00073973,0.000325025,0,0.000138795,0,0.000194313,0,0.00116764,0,0,0.000111036,0,0.000550333,0.003682634
1.31260992,0.007437287,0.00038346,0.000449857,0.0006391,0,0.00090469,0,0.000524705,0.00038296,0.0012976,0.00064755,0.000899715,0,0.00077687,0,0,0.00053078
1.317833014,0.006359039,0,0.000966689,0.00053847,0.000147207,0.000769148,0,0,0.000571607,0.00096542,0.00012746,0.001933378,0.00033966,0,0,0,0
1.323056108,0.008136219,0,0.000506958,0.00043784,0,0.000633606,0,0.000701992,0.000760254,0.00063324,0,0.001013916,0.00069077,0.000155413,0.000505494,5.72E-05,0.002039572
1.328279202,0.005846195,0,4.72E-05,0.00033721,0,0.000498064,0,0,0.000948901,0.00030106,0,9.45E-05,0.00104188,0.000821247,0.001212336,0.000543816,0
1.333502296,0.009240246,0.000532573,0,0.00023658,0.00036876,0.000362522,0,0.000879279,0,0,0,0,0.00139299,0,0.001919178,0,0.003548364
1.33872539,0.0027849,8.16E-05,0,0.00013595,0,0.00022698,0,0,0,0,0,0,0.0017441,0.00019979,0,0,0.00039651
1.343948484,0.004530708,0,0.000621159,3.53E-05,0.000190942,9.14E-05,0,0,0,0,0.00143326,0.001242318,0,0.000865624,0,5.06E-05,0
1.349171578,0.005079916,0,0.000161428,0,0,0,0.00093776,0.000168647,0,0,0.00091317,0.000322856,0,0,0.000133454,0.000537299,0.001905302
1.354394672,0.002965842,0.000681686,0,0,1.31E-05,0,0.00079349,0,0,0,0.00039308,0,0,0.000244167,0.000840296,0,0
1.359617766,0.007637223,0.000230683,0,0,0.000412495,0,0.00064922,0.000345934,0.000127658,0,0,0,0,0.000910001,0.001547138,0,0.003414094
1.36484086,0.005215755,0,0.00073536,0,0,0,0.00050495,0,0.000316305,0.00188205,0,0.00147072,0,0,0,4.41E-05,0.00026224
1.370063954,0.004819613,0,0.000275629,0,0.000234677,0,0.00036068,0.000523221,0.000504952,0.00154987,0,0.000551258,0,0.000288544,0,0.000530782,0
1.375287048,0.005979528,0.000830799,0,0,0,0,0.00021641,0,0.000693599,0.00121769,0,0,0.00029562,0.000954378,0,0,0.001771032
1.380510142,0.005790924,0.000379796,0,0,5.69E-05,0,7.21E-05,0.000700508,0.000882246,0.00088551,0.00169888,0,0.00064673,0,0.000468256,0,0
1.385733236,0.011520556,0,0.000849561,0,0.00045623,0.000960227,0,0,0,0.00055333,0.00117879,0.001699122,0.00099784,0.000332921,0.001175098,3.76E-05,0.003279824
1.39095633,0.007634945,0,0.00038983,0,0,0.000824685,0,0.000877795,0,0.00022115,0.0006587,0.00077966,0.00134895,0,0.00188194,0.000524265,0.00012797
1.396179424,0.002806225,0,0,0,0.000278412,0.000689143,0,0,0,0,0.00013861,0,0.00170006,0,0,0,0
1.401402518,0.003978085,0.000528909,0,0.000881515,0,0.000553601,0,0,0,0,0,0,0,0.000377298,0,0,0.001636762
1.406625612,0.004563204,7.79E-05,0.000963762,0.000780885,0.000100593,0.000418059,0,0.000167163,0,0,0,0.001927524,0,0,9.62E-05,3.11E-05,0
1.411848706,0.007002228,0,0.000504031,0.000680255,0,0.000282517,0,0,6.10E-05,0,0,0.001008062,0,0,0.000803058,0.000517748,0.003145554
1.4170718,0.004389575,0,4.43E-05,0.000579625,0,0.000146975,0,0.00034445,0.00024965,0,0,8.86E-05,0,0.000421675,0.0015099,0.0010044,0
1.422294894,0.005256466,0.000678022,0,0,0.000322147,1.14E-05,0.000871105,0,0.000438297,0,0.00144441,0,0,0,0,0.001491052,0
1.427517988,0.006331487,0.000227019,0,0,0,0,0.000726835,0.000521737,0.000626944,0.00180214,0.00092432,0,0,0,0,0,0.001502492
1.432741082,0.005989002,0,0.000618232,0,0.000144328,0,0.000582565,0,0.000815591,0.00146996,0.00040423,0.001236464,0.00025158,0.000466052,0,0,0
1.437964176,0.006795594,0,0.000158501,0,0,0,0.000438295,0.000699024,0,0.00113778,0,0.000317002,0.00060269,0,0.000431018,0,0.003011284
1.44318727,0.00401842,0.000827135,0,0,0,0,0.000294025,0,0,0.0008056,0,0,0.0009538,0,0.00113786,0,0
1.448410364,0.007848573,0.000376132,0,0.00192897,0.000365882,0,0.000149755,0.000876311,0,0.00047342,0,0,0.00130491,0.000510429,0.001844702,1.81E-05,0
1.453633458,0.00770132,0,0.000732433,0.00182834,0,0,5.48E-06,0,0,0.00014124,0,0.001464866,0.00165602,0,0,0.000504714,0.001368222
1.458856552,0.007194101,0,0.000272702,0.00172771,0.000188063,0,0,0,0.001758826,0,0.00171003,0.000545404,0,0,0,0.000991366,0
1.464079646,0.009807985,0.000976248,0,0.00162708,0,0.000880222,0,0.000165679,0,0,0.00118994,0,0,0.000554806,5.90E-05,0.001478018,0.002877014
1.46930274,0.00424229,0.000525245,0,0.00152645,1.02E-05,0.00074468,0,0,0,0,0.00066985,0,0,0,0.00076582,0,0
1.474525834,0.007395749,7.42E-05,0.000846634,0.00142582,0.000409617,0.000609138,0,0.000342966,0.000371642,0,0.00014976,0.001693268,0,0,0.001472662,0,0
1.479748928,0.00479263,0,0.000386903,0.00132519,0,0.000473596,0,0,0,0,0,0.000773806,0,0.000599183,0,0,0.001233952
1.484972022,0.003063601,0,0,0.00122456,0.000231798,0.000338054,0,0.000520253,0.000748936,0,0,0,0,0,0,0,0
1.490195116,0.007627062,0.000674358,0,0.00112393,0,0.000202512,0.00094872,0,0,0.00172223,0,0,0.00020754,0,0,5.03E-06,0.002742744
1.49541821,0.01035605,0.000223355,0.000960835,0.0010233,5.40E-05,6.70E-05,0.00080445,0.00069754,0.00112623,0.00139005,0,0.00192167,0.00055865,0.00064356,0.00039378,0.00049168,0
1.500641304,0.010804404,0,0.000501104,0.00092267,0.000453352,0,0.00066018,0.001762746,0,0.00105787,0.00145556,0.001002208,0.00090976,0,0.001100622,0.000978332,0
1.505864398,0.010281856,0,4.14E-05,0.00082204,0,0,0.00051591,0,0.001503524,0.00072569,0.00093547,8.27E-05,0.00126087,2.21E-05,0.001807464,0.001464984,0.001099682
1.511087492,0.007252497,0.000823471,0,0.00072141,0.000275533,0,0.00037164,0,0,0.00039351,0.00041538,0,0.00161198,0.000687937,0,0.001951636,0
1.516310586,0.006823354,0.000372468,0,0.00062078,0,0,0.00022737,0.001052114,0.001880818,6.13E-05,0,0,0,0,0,0,0.002608474
1.52153368,0.00275144,0,0.000615305,0.00052015,9.77E-05,0,8.31E-05,0,0.00011634,0,0,0.00123061,0,6.65E-05,2.17E-05,0,0
1.526756774,0.002347138,0,0.000155574,0.00041952,0,0,0,0,0,0,0,0.000311148,0,0.000732314,0.000728582,0,0
1.531979868,0.004527426,0.000972584,0,0.00031889,0,0,0,0.000341482,0.000493634,0,0,0,0,0,0.001435424,0,0.000965412
1.537202962,0.007854505,0.000521581,0,0.00021826,0.000319268,0.000935759,0,0.001406688,0,0,0.00172118,0,0,0.000110857,0.002142266,0.000478646,0
1.542426056,0.012314262,7.06E-05,0.000729506,0.00011763,0,0.000800217,0,0,0.000870928,0,0.00120109,0.001459012,0,0.000776691,0.002849108,0.000965298,0.002474204
1.54764915,0.00748485,0,0.000269775,1.70E-05,0.00014145,0.000664675,0,0,0,0,0.000681,0.00053955,0.0001635,0,0.00355595,0.00145195,0
1.552872244,0.006885087,0,0,0,0,0.000529133,0,0.000696056,0.001248222,0.00164232,0.00016091,0,0.00051461,0.000155234,0,0.001938602,0
1.558095338,0.006653617,0.000670694,0,0,0,0.000393591,0,0.001761262,0,0.00131014,0,0,0.00086572,0.000821068,0,0,0.000831142
1.563318432,0.008074235,0.000219691,0.000843707,0,0.000363003,0.000258049,0.000882065,0,0.001625516,0.00097796,0,0.001687414,0.00121683,0,0,0,0
1.568541526,0.006765495,0,0.000383976,0,0,0.000122507,0.000737795,0,0,0.00064578,0,0.000767952,0.00156794,0.000199611,0,0,0.002339934
1.57376462,0.004927435,0,0,0,0.000185185,0,0.000593525,0.00105063,0,0.0003136,0,0,0.00191905,0.000865445,0,0,0
1.578987714,0.007288442,0.000819807,0,0,0,0,0.000449255,0,0.000238332,0,0.00146671,0,0,0,0,0.000465612,0.003848726
1.584210808,0.007085967,0.000368804,0.000957908,0,7.37E-06,0,0.000304985,0,0,0,0.00094662,0.001915816,0,0.000243988,0.000691344,0.000952264,0.000696872
1.589433902,0.007191062,0,0.000498177,0,0.000406738,0,0.000160715,0.000339998,0.000615626,0,0.00042653,0.000996354,0,0.000909822,0.001398186,0.001438916,0
1.594656996,0.007773247,0,3.84E-05,0,0,0,1.64E-05,0.001405204,0,0,0,7.69E-05,0,0,0.002105028,0.001925568,0.002205664
1.59988009,0.005290995,0.00096892,0,0,0.00022892,0,0,0,0.00099292,0,0,0,0,0.000288365,0.00281187,0,0
1.605103184,0.008824744,0.000517917,0,0,0,0,0,0,0,0,0,0,0.00011946,0.000954199,0.003518712,0,0.003714456
1.610326278,0.006947697,6.69E-05,0.000612378,0,5.11E-05,0,0,0.000694572,0.001370214,0.00189459,0,0.001224756,0.00047057,0,0,0,0.000562602
1.615549372,0.007973108,0,0.000152647,0,0.000450473,0.000855754,0,0.001759778,0,0.00156241,0.00173233,0.000305294,0.00082168,0.000332742,0,0,0
1.620772466,0.007434162,0,0,0,0,0.000720212,0,0,0.001747508,0.00123023,0.00121224,0,0,0,0,0.000452578,0.002071394
1.62599556,0.005577685,0.00066703,0,0,0.000272655,0.00058467,0,0,0,0.00089805,0.00069215,0,0.0015239,0,0,0.00093923,0
1.631218654,0.010974835,0.000216027,0.000726579,0,0,0.000449128,0.00095968,0.001049146,0,0.00056587,0.00017206,0.001453158,0,0.000377119,0,0.001425882,0.003580186
1.636441748,0.007185376,0,0.000266848,0,9.48E-05,0.000313586,0.00081541,0,0.000360324,0.00023369,0,0.000533696,0.00222612,0,0,0.001912534,0.000428332
1.641664842,0.00150329,0,0,0,0,0.000178044,0.00067114,0,0,0,0,0,0,0,0.000654106,0,0
1.646887936,0.009109555,0.000816143,0,0,0,4.25E-05,0.00052687,0.000338514,0.000737618,0,0,0,0.00292834,0.000421496,0.001360948,0,0.001937124
1.65211103,0.00896863,0.00036514,0.00084078,0.00191065,0.00031639,0,0.0003826,0.00140372,0,0,0,0.00168156,0,0,0.00206779,0,0
1.657334124,0.015635377,0,0.000381049,0.00181002,0,0,0.00023833,0,0.001114912,0,0.00147786,0.000762098,0.00363056,0,0.002774632,0,0.003445916
1.662557218,0.007656164,0,0,0.00170939,0.000138571,0,9.41E-05,0,0,0,0.00095777,0,7.54E-05,0.000465873,0.003481474,0.000439544,0.000294062
1.667780312,0.006123186,0.000965256,0,0.00160876,0,0,0,0.000693088,0.001492206,0,0.00043768,0,0,0,0,0.000926196,0
1.673003406,0.012453642,0.000514253,0.000954981,0.00150813,0,0,0,0.001758294,0,0.00181468,0,0.001909962,0.00077764,0,0,0.001412848,0.001802854
1.6782265,0.009078375,6.32E-05,0.00049525,0.0014075,0.000360125,0,0,0,0.0018695,0.0014825,0,0.0009905,0,0.00051025,0,0.0018995,0
1.683449594,0.007460275,0,3.55E-05,0.00130687,0,0,0,0,0.000105022,0.00115032,0,7.10E-05,0.00147986,0,0,0,0.003311646
1.688672688,0.004325431,0,0,0.00120624,0.000182306,0.000911291,0,0.001047662,0,0.00081814,0,0,0,0,0,0,0.000159792
1.693895782,0.007993188,0.000663366,0,0.00110561,0,0.000775749,0,0,0.000482316,0.00048596,0.00174348,0,0.00218208,0.000554627,0,0,0
1.699118876,0.007353013,0.000212363,0.000609451,0.00100498,4.49E-06,0.000640207,0,0,0,0.00015378,0.00122339,0.001218902,0,0,0.000616868,0,0.001668584
1.70434197,0.00968952,0,0.00014972,0.00090435,0.00040386,0.000504665,0.000893025,0.00033703,0.00085961,0,0.0007033,0.00029944,0.0028843,0,0.00132371,0.00042651,0
1.709565064,0.010227138,0,0,0.00080372,0,0.000369123,0.000748755,0.001402236,0,0,0.00018321,0,0,0.000599004,0.002030552,0.000913162,0.003177376
1.714788158,0.01156583,0.000812479,0,0.00070309,0.000226041,0.000233581,0.000604485,0,0.001236904,0,0,0,0.00358652,0,0.002737394,0.001399814,2.55E-05
1.720011252,0.009055228,0.000361476,0.000723652,0.00060246,0,9.80E-05,0.000460215,0,0,0,0,0.001447304,3.14E-05,0,0.003444236,0.001886466,0
1.725234346,0.006141258,0,0.000263921,0.00050183,4.82E-05,0,0.000315945,0.000691604,0.001614198,0,0,0.000527842,0,0.000643381,0,0,0.001534314
1.73045744,0.00351088,0,0,0.0004012,0.000447595,0,0.000171675,0.00175681,0,0,0,0,0.0007336,0,0,0,0
1.735680534,0.007578377,0.000961592,0,0.00030057,0,0,2.74E-05,0,0,0.00173477,0.00148901,0,0,2.19E-05,0,0,0.003043106
1.740903628,0.008215966,0.000510589,0.000837853,0.00019994,0.000269776,0,0,0,0.000227014,0.00140259,0.00096892,0.001675706,0.00143582,0.000687758,0,0,0
1.746126722,0.004272156,5.96E-05,0.000378122,9.93E-05,0,0,0,0.001046178,0,0.00107041,0.00044883,0.000756244,0,0,0,0.000413476,0
1.751349816,0.005939009,0,0,0,9.20E-05,0,0,0,0.000604308,0.00073823,0,0,0.00213804,6.63E-05,0,0.000900128,0.001400044
1.75657291,0.003104595,0,0,0,0,0,0,0,0,0.00040605,0,0,0,0.000732135,0.00057963,0.00138678,0
1.761796004,0.01478271,0.000659702,0.000952054,0,0,0.000966828,0,0.000335546,0.000981602,7.39E-05,0,0.001904108,0.00284026,0,0.001286472,0.001873432,0.002908836
1.767019098,0.006335209,0.000208699,0.000492323,0,0.000313511,0.000831286,0,0.001400752,0,0,0,0.000984646,0,0.000110678,0.001993314,0,0
1.772242192,0.011896834,0,3.26E-05,0,0,0.000695744,0.00097064,0,0.001358896,0,0.00175463,6.52E-05,0.00354248,0.000776512,0.002700156,0,0
1.777465286,0.007429577,0,0,0,0.000135693,0.000560202,0.00082637,0,0,0,0.00123454,0,0,0,0.003406998,0,0.001265774
1.78268838,0.01113781,0.000808815,0,0,0,0.00042466,0.0006821,0.00069012,0.00173619,0,0.00071445,0,0,0.000155055,0,0,0.00592642
1.787911474,0.006864909,0.000357812,0.000606524,0,0,0.000289118,0.00053783,0.001755326,0,0,0.00019436,0.001213048,0.00068956,0.000820889,0,0.000400442,0
1.793134568,0.002231855,0,0.000146793,0,0.000357246,0.000153576,0.00039356,0,0,0,0,0.000293586,0,0,0,0.000887094,0
1.798357662,0.009519506,0,0,0,0,1.80E-05,0.00024929,0,0.000349006,0.00165486,0,0,0.00139178,0.000199432,0,0.001373746,0.004283358
1.803580756,0.006335414,0.000957928,0,0,0.000179428,0,0.00010502,0.001044694,0,0.00132268,0,0,0,0.000865266,0,0.001860398,0
1.80880385,0.0070587,0.000506925,0.000720725,0,0.0005788,0,0,0,0.0007263,0.0009905,0,0.00144145,0.002094,0,0,0,0
1.814026944,0.006423881,5.59E-05,0.000260994,0,0,0,0,0,0,0.00065832,0.00150016,0.000521988,0,0.000243809,0.000542392,0,0.002640296
1.819250038,0.014999905,0,0,0,0,0,0,0.000334062,0.001103594,0.00032614,0.00098007,0,0.00279622,0.000909643,0.001249234,0,0.007300942
1.824473132,0.003815324,0,0,0,0,0,0,0.001399268,0,0,0.00045998,0,0,0,0.001956076,0,0
1.829696226,0.012699053,0.000656038,0.000834926,0,0.000223163,0,0,0,0.001480888,0,0,0.001669852,0.00349844,0.000288186,0.002662918,0.000387408,0.000997234
1.83491932,0.012808875,0.000205035,0.000375195,0,0.000622535,0,0,0,0,0,0,0.00075039,0,0.00095402,0.00336976,0.00087406,0.00565788
1.840142414,0.004794353,0,0,0,0,0.000886823,0,0.000688636,0.001858182,0,0,0,0,0,0,0.001360712,0
1.845365508,0.006328259,0,0,0,0,0.000751281,0.000903985,0.001753842,9.37E-05,0,0,0,0.00064552,0.000332563,0,0.001847364,0
1.850588602,0.010808584,0.000805151,0.000949127,0,0,0.000615739,0.000759715,0,0,0,0.00176578,0.001898254,0,0,0,0,0.004014818
1.855811696,0.010048764,0.000354148,0.000489396,0.00189233,0.000266898,0.000480197,0.000615445,0,0.000470998,0.00190713,0.00124569,0.000978792,0.00134774,0,0,0,0
1.86103479,0.007083495,0,2.97E-05,0.0017917,0.00066627,0.000344655,0.000471175,0.00104321,0,0.00157495,0.0007256,5.93E-05,0,0.00037694,0,0,0
1.866257884,0.008945376,0,0,0.00169107,0,0.000209113,0.000326905,0,0.000848292,0.00124277,0.00020551,0,0.00204996,0,0,0,0.002371756
1.871480978,0.01162343,0.000954264,0,0.00159044,0,7.36E-05,0.000182635,0,0,0.00091059,0,0,0,0,0.000505154,0.000374374,0.007032402
1.876704072,0.01122532,0.000503261,0.000603597,0.00148981,0,0,3.84E-05,0.000332578,0.001225586,0.00057841,0,0.001207194,0.00275218,0.000421317,0.001211996,0.000861026,0
1.881927166,0.009578505,5.23E-05,0.000143866,0.00138918,0.000310633,0.001755612,0,0.001397784,0,0.00024623,0,0.000287732,0,0,0.001918838,0.001347678,0.000728694
1.88715026,0.018525255,0,0,0.00128855,0.000710005,0.00162007,0,0,0.00160288,0,0,0,0.0034544,0,0.00262568,0.00183433,0.00538934
1.892373354,0.007981974,0,0,0.00118792,0,0.001484528,0,0,0,0,0.00151131,0,0,0.000465694,0.003332522,0,0
1.897596448,0.006920416,0.000652374,0.000717798,0.00108729,0,0.001348986,0,0.000687152,0,0,0.00099122,0.001435596,0,0,0,0,0
1.902819542,0.009962618,0.000201371,0.000258067,0.00098666,0,0.001213444,0,0.001752358,0.000215696,0,0.00047113,0.000516134,0.00060148,0,0,0,0.003746278
1.908042636,0.002828371,0,0,0.00088603,0.000354368,0.001077902,0,0,0,0,0,0,0,0.000510071,0,0,0
1.91326573,0.00473953,0,0,0.0007854,0.00075374,0.00094236,0,0,0.00059299,0,0,0,0.0013037,0,0,0.00036134,0
1.918488824,0.011446556,0.000801487,0.000831999,0.00068477,0,0.000806818,0.00083733,0.001041726,0,0.00182722,0,0.001663998,0,0,0,0.000847992,0.002103216
1.923711918,0.016539962,0.000350484,0.000372268,0.00058414,0,0.000671276,0.00069306,0,0.000970284,0.00149504,0,0.000744536,0.00200592,0.000554448,0,0.001334644,0.006763862
1.928935012,0.005020106,0,0,0.00048351,0,0.000535734,0.00054879,0,0,0.00116286,0,0,0,0,0.000467916,0.001821296,0
1.934158106,0.008438099,0,0,0.00038288,0.000398103,0.000400192,0.00040452,0.000331094,0.001347578,0.00083068,0,0,0.00270814,0,0.001174758,0,0.000460154
1.9393812,0.01488985,0.0009506,0.0009462,0.00028225,0.000797475,0.00026465,0.00026025,0.0013963,0,0.0004985,0,0.0018924,0,0.000598825,0.0018816,0,0.0051208
1.944604294,0.010275706,0.000499597,0.000486469,0.00018162,0,0.000129108,0.00011598,0,0.001724872,0.00016632,0,0.000972938,0.00341036,0,0.002588442,0,0
1.949827388,0.007107902,4.86E-05,2.67E-05,8.10E-05,0,0,0,0,0,0,0.00360282,5.35E-05,0,0,0.003295284,0,0
1.955050482,0.00828011,0,0,0,4.25E-05,0,0,0.000685668,0,0,0.00308273,0,0,0.000643202,0,0.000348306,0.003477738
1.960273576,0.006485438,0,0,0,0.000441838,0,0,0.001750874,0.000337688,0,0.00256264,0,0.00055744,0,0,0.000834958,0
1.96549667,0.006677835,0.00064871,0.00060067,0,0.00084121,0,0,0,0,0,0.00204255,0.00120134,0,2.17E-05,0,0.00132161,0
1.970719764,0.008448143,0.000197707,0.000140939,0,0,0,0,0,0.000714982,0,0.00152246,0.000281878,0.00125966,0.000687579,0,0.001808262,0.001834676
1.975942858,0.008537934,0,0,0,0,0,0,0.001040242,0,0,0.00100237,0,0,0,0,0,0.006495322
1.981165952,0.005436069,0,0,0,8.62E-05,0,0,0,0.001092276,0.00174731,0.00048228,0,0.00196188,6.61E-05,0,0,0
1.986389046,0.007112332,0.000797823,0.000714871,0,0.000485573,0,0.000914945,0,0,0.00141513,0,0.001429742,0,0.000731956,0.000430678,0,0.000191614
1.99161214,0.01430387,0.00034682,0.00025514,0,0.000884945,0,0.000770675,0.00032961,0.00146957,0.00108295,0,0.00051028,0.0026641,0,0.00113752,0,0.00485226
1.996835234,0.005062124,0,0,0,0,0,0.000626405,0.001394816,0,0.00075077,0,0,0,0.000110499,0.001844362,0.000335272,0
2.002058328,0.01026337,0,0,0,0,0,0.000482135,0,0.001846864,0.00041859,0,0,0.00336632,0.000776333,0.002551204,0.000821924,0
2.007281422,0.011846569,0.000946936,0.000829072,0,0.000129936,0,0.000337865,0,8.24E-05,8.64E-05,0,0.001658144,0,0,0.003258046,0.001308576,0.003209198
2.012504516,0.004961147,0.000495933,0.000369341,0,0.000529308,0,0.000193595,0.000684184,0,0,0,0.000738682,0,0.000154876,0,0.001795228,0
2.01772761,0.004566115,4.49E-05,0,0,0.00092868,0,4.93E-05,0.00174939,0.00045968,0,0,0,0.0005134,0.00082071,0,0,0
2.022950704,0.001566136,0,0,0,0,0,0,0,0,0,0,0,0,0,0,0,0.001566136
2.028173798,0.016789104,0,0.000943273,0,0,0.001866686,0,0,0.000836974,0,0.00361397,0.001886546,0.00121562,0.000199253,0,0,0.006226782
2.033396892,0.008998212,0.000645046,0.000483542,0,0.000173671,0.001731144,0,0.001038758,0,0,0.00309388,0.000967084,0,0.000865087,0,0,0
2.038619986,0.008462257,0.000194043,2.38E-05,0,0.000573043,0.001595602,0,0,0.001214268,0,0.00257379,4.76E-05,0.00191784,0,0,0.000322238,0
2.04384308,0.013464355,0,0,0,0.000972415,0.00146006,0.0012811,0,0,0.0016674,0.0020537,0,0,0.00024363,0.00039344,0.00080889,0.00458372
2.049066174,0.013175214,0,0,0,0,0.001324518,0.00113683,0.000328126,0.001591562,0.00133522,0.00153361,0,0.00262006,0.000909464,0.001100282,0.001295542,0
2.054289268,0.011768134,0.000794159,0.000597743,0,0,0.001188976,0.00099256,0.001393332,0,0.00100304,0.00101352,0.001195486,0,0,0.001807124,0.001782194,0
2.059512362,0.014979533,0.000343156,0.000138012,0.00187401,0.000217406,0.001053434,0.00084829,0,0,0.00067086,0.00049343,0.000276024,0.00332228,0.000288007,0.002513966,0,0.002940658
2.064735456,0.016331081,0,0,0.00177338,0.000616778,0.000917892,0.00070402,0,0.000204378,0.00033868,0,0,0,0.000953841,0.003220808,0,0.007601304
2.06995855,0.00370405,0,0,0.00167275,0,0.00078235,0.00055975,0.0006827,0,6.50E-06,0,0,0,0,0,0,0
2.075181644,0.01014243,0.000943272,0.000711944,0.00157212,0,0.000646808,0.00041548,0.001747906,0.000581672,0,0,0.001423888,0.00046936,0.000332384,0,0,0.001297596
2.080404738,0.00977032,0.000492269,0.000252213,0.00147149,0,0.000511266,0.00027121,0,0,0,0,0.000504426,0,0,0,0.000309204,0.005958242
2.085627832,0.005102333,4.13E-05,0,0.00137086,0.000261141,0.000375724,0.00012694,0,0.000958966,0,0,0,0.00117158,0,0,0.000795856,0
2.090850926,0.004867468,0,0,0.00127023,0.000660513,0.000240182,0,0.001037274,0,0,0,0,0,0.000376761,0,0.001282508,0
2.09607402,0.013047075,0,0.000826145,0.0011696,0,0.00010464,0,0,0.00133626,0,0,0.00165229,0.0018738,0,0,0.00176916,0.00431518
2.101297114,0.005085466,0.000641382,0.000366414,0.00106897,0,0,0,0,0,0.00191967,0,0.000732828,0,0,0.000356202,0,0
2.106520208,0.012471727,0.000190379,0,0.00096834,0,0,0,0.000326642,0.001713554,0.00158749,0.00362512,0,0.00257602,0.000421138,0.001063044,0,0
2.111743302,0.011366778,0,0,0.00086771,0.000304876,0,0,0.001391848,0,0.00125531,0.00310503,0,0,0,0.001769886,0,0.002672118
2.116966396,0.020888168,0,0.000940346,0.00076708,0.000704248,0,0,0,0,0.00092313,0.00258494,0.001880692,0.00327824,0,0.002476728,0,0.007332764
2.12218949,0.009826215,0.000790495,0.000480615,0.00066645,0,0,0,0,0.00032637,0.00059095,0.00206485,0.00096123,0,0.000465515,0.00318357,0.00029617,0
2.127412584,0.009155,0.000339492,2.09E-05,0.00056582,0,0,0,0.000681216,0,0.00025877,0.00154476,4.18E-05,0,0,0.003890412,0.000782822,0.001029056
2.132635678,0.011324442,0,0,0.00046519,0,0,0,0.001746422,0.000703664,0,0.00102467,0,0.00042532,0,0,0.001269474,0.005689702
2.137858772,0.003483769,0,0,0.00036456,0.000348611,0,0,0,0,0,0.00050458,0,0,0.000509892,0,0.001756126,0
2.143081866,0.005944467,0.000939608,0.000594816,0.00026393,0.000747983,0,0,0,0.001080958,0,0,0.001189632,0.00112754,0,0,0,0
2.14830496,0.00613959,0.000488605,0.000135085,0.0001633,0,0,0,0.00103579,0,0,0,0.00027017,0,0,0,0,0.00404664
2.153528054,0.003942553,3.76E-05,0,6.27E-05,0,0,0,0,0.001458252,0,0,0,0.00182976,0.000554269,0,0,0
2.158751148,172.5449369,0,0,0,0,0,0,0,0,0,0,0,0,0,0.000318964,0,172.5446179
2.163974242,508.1865085,0,0.000709017,0,0.000392346,0,0.00186914,0.000325158,0.001835546,0.00183976,0,0.001418034,0.00253198,0,0.001025806,0.000283136,508.1742786
2.169197336,844.3607865,0.000637718,0.000249286,0,0.000791718,0,0.00172487,0.001390364,7.11E-05,0.00150758,0,0.000498572,0,0.000598646,0.001732648,0.000769788,844.3508142
2.17442043,1181.052848,0.000186715,0,0,0,0,0.0015806,0,0,0.0011754,0,0,0.0032342,0,0.00243949,0.00125644,1181.042975
2.179643524,1518.29147,0,0,0,0,0.001842218,0.00143633,0,0.000448362,0.00084322,0,0,0,0,0.003146332,0.001743092,1518.282011
2.184866618,1856.0515,0,0.000823218,0,3.67E-05,0.001706676,0.00129206,0.000679732,0,0.00051104,0.00363627,0.001646436,0,0.000643023,0.003853174,0,1856.036671
2.190089712,2194.349486,0.000786831,0.000363487,0,0.000436081,0.001571134,0.00114779,0.001744938,0.000825656,0.00017886,0.00311618,0.000726974,0.00038128,0,0,0,2194.338207
2.195312806,2533.161596,0.000335828,0,0,0.000835453,0.001435592,0.00100352,0,0,0,0.00259609,0,0,2.16E-05,0,0,2533.155367
2.2005359,2872.510987,0,0,0,0,0.00130005,0.00085925,0,0.00120295,0,0.002076,0,0.0010835,0.0006874,0,0,2872.503778
2.205758994,3212.390991,0,0.000937419,0,0,0.001164508,0.00071498,0.001034306,0,0,0.00155591,0.001874838,0,0,0,0.000270102,3212.383439
2.210982088,3552.787998,0.000935944,0.000477688,0,8.04E-05,0.001028966,0.00057071,0,0.001580244,0,0.00103582,0.000955376,0.00178572,6.59E-05,0,0.000756754,3552.778724
2.216205182,3893.710371,0.000484941,1.80E-05,0,0.000479816,0.000893424,0.00042644,0,0,0,0.00051573,3.59E-05,0,0.000731777,0.000281726,0.001243406,3893.70526
2.221428276,4235.170529,3.39E-05,0,0,0.000879188,0.000757882,0.00028217,0.000323674,0,0,0,0,0.00248794,0,0.000988568,0.001730058,4235.163046
2.22665137,4577.142364,0,0,0,0,0.00062234,0.0001379,0.00138888,0.00019306,0.00175985,0,0,0,0.00011032,0.00169541,0,4577.136456
2.231874464,4919.635551,0,0.000591889,0,0,0.000486798,0,0,0,0.00142767,0,0.001183778,0.00319016,0.000776154,0.002402252,0,4919.625492
2.237097558,5262.636434,0.000634054,0.000132158,0,0.000124179,0.000351256,0,0,0.000570354,0.00109549,0,0.000264316,0,0,0.003109094,0,5262.630153
2.242320652,5606.17629,0.000183051,0,0,0.000523551,0.000215714,0,0.000678248,0,0.00076331,0,0,0.00389238,0.000154697,0.003815936,0,5606.166063
2.247543746,5950.207514,0,0,0,0.000922923,8.02E-05,0,0.001743454,0.000947648,0.00043113,0,0,0.00033724,0.000820531,0,0.000257068,5950.201974
2.25276684,6294.772096,0,0.00070609,0,0,0,0,0,0,9.89E-05,0,0.00141218,0,0,0,0.00074372,6294.769135
2.257989934,6639.857236,0.000783167,0.000246359,0,0,0,0,0,0.001324942,0,0,0.000492718,0.00103946,0.000199074,0,0.001230372,6639.85192
2.263213028,6985.444324,0.000332164,0,0.00185569,0.000167914,0,0,0.001032822,0,0,0.00364742,0,0,0.000864908,0,0.001717024,6985.434706
2.268436122,7331.557635,0,0,0.00175506,0.000567286,0,0,0,0.001702236,0,0.00312733,0,0.00174168,0,0,0,7331.548742
2.273659216,7678.170954,0,0.000820291,0.00165443,0.000966658,0,0,0,0,0,0.00260724,0.001640582,0,0.000243451,0.000244488,0,7678.162777
2.27888231,8025.302719,0.00093228,0.00036056,0.0015538,0,0,0,0.00032219,0,0,0.00208715,0.00072112,0.0024439,0.000909285,0.00095133,0,8025.292438
2.284105404,8372.928961,0.000481277,0,0.00145317,0,0,0,0.001387396,0.000315052,0,0.00156706,0,0,0,0.001658172,0,8372.922098
2.289328498,8721.093373,3.03E-05,0,0.00135254,0.000211649,0,0,0,0,0.00167994,0.00104697,0,0.00314612,0.000287828,0.002365014,0.000244034,8721.083009
2.294551592,9069.740284,0,0.000934492,0.00125191,0.000611021,0,0,0,0.000692346,0.00134776,0.00052688,0.001868984,0,0.000953662,0.003071856,0.000730686,9069.728295
2.299774686,9418.902324,0,0.000474761,0.00115128,0,0,0,0.000676764,0,0.00101558,6.79E-06,0.000949522,0.00384834,0,0.003778698,0.001217338,9418.889205
2.30499778,9768.575172,0.00063039,1.50E-05,0.00105065,0,0,0.0018801,0.00174197,0.00106964,0.0006834,0,3.01E-05,0.0002932,0.000332205,0,0.00170399,9768.565741
2.310220874,10118.74549,0.000179387,0,0.00095002,0,0,0.00173583,0,0,0.00035122,0,0,0,0,0,0,10118.74228
2.315443968,10469.42397,0,0,0.00084939,0.000255384,0,0.00159156,0,0.001446934,1.90E-05,0,0,0.00099542,0,0,0,10469.41881
2.320667062,10820.60137,0,0.000588962,0.00074876,0.000654756,0,0.00144729,0.001031338,0,0,0,0.001177924,0,0.000376582,0,0,10820.59535
2.325890156,11172.29415,0.000779503,0.000129231,0.00064813,0,0,0.00130302,0,0.001824228,0,0,0.000258462,0.00169764,0,0,0,11172.28751
2.33111325,11524.46839,0.0003285,0,0.0005475,0,0.00181775,0.00115875,0,5.97E-05,0,0,0,0,0,0.00020725,0.000231,11524.46404
2.336336344,11877.16412,0,0,0.00044687,0,0.001682208,0.00101448,0.000320706,0,0,0,0,0.00239986,0.000420959,0.000914092,0.000717652,11877.1562
2.341559438,12230.36184,0,0.000703163,0.00034624,0.000299119,0.001546666,0.00087021,0.001385912,0.000437044,0,0.00365857,0.001406326,0,0,0.001620934,0.001204304,12230.34837
2.346782532,12584.04183,0.000928616,0.000243432,0.00024561,0.000698491,0.001411124,0.00072594,0,0,0.00193221,0.00313848,0.000486864,0.00310208,0,0.002327776,0.001690956,12584.0249
2.352005626,12938.21245,0.000477613,0,0.00014498,0,0.001275582,0.00058167,0,0.000814338,0.00160003,0.00261839,0,0,0.000465336,0.003034618,0,12938.20144
2.35722872,13292.89121,2.66E-05,0,4.43E-05,0,0.00114004,0.0004374,0.00067528,0,0.00126785,0.0020983,0,0.0038043,0,0.00374146,0,13292.87797
2.362451814,13648.06395,0,0.000817364,0,0,0.001004498,0.00029313,0.001740486,0.001191632,0.00093567,0.00157821,0.001634728,0.00024916,0,0,0,13648.05451
2.367674908,14003.72002,0,0.000357633,0,0.000342854,0.000868956,0.00014886,0,0,0.00060349,0.00105812,0.000715266,0,0.000509713,0,0,14003.71542
2.372898002,14359.88198,0.000626726,0,0,0.000742226,0.000733414,4.59E-06,0,0.001568926,0.00027131,0.00053803,0,0.00095138,0,0,0.000217966,14359.87633
2.378121096,14716.53959,0,0,0,0,0.000597872,0,0.001029854,0,0,1.79E-05,0,0,0,0,0.000704618,14716.53724
2.38334419,15073.69113,0,0.000931565,0,0,0.00046233,0,0,0.00194622,0,0,0.00186313,0.0016536,0.00055409,0,0.00119127,15073.68253
2.388567284,15431.31719,0.001226842,0.000471834,0,0,0.000326788,0,0,0.000181742,0,0,0.000943668,0,0,0.000170012,0.001677922,15431.31219
2.393790378,15789.44601,0,1.21E-05,0,0.000386589,0.000191246,0,0.000319222,0,0,0,2.42E-05,0.00235582,0,0.000876854,0,15789.44185
2.399013472,16148.06117,0.000324836,0,0,0.000785961,5.57E-05,0,0.001384428,0.000559036,0,0,0,0,0.000598467,0.001583696,0,16148.05588
2.404236566,16507.17709,0.001826958,0,0,0,0,0,0,0,0,0,0,0.00305804,0,0.002290538,0,16507.16992
2.40945966,16866.76025,0,0.000586035,0,0,0,0,0,0.00093633,0.0018523,0,0.00117207,0,0,0.00299738,0,16866.7527
2.414682754,17226.84733,0.000924952,0.000126304,0,3.10E-05,0,0,0.000673796,0,0.00152012,0,0.000252608,0.00376026,0.000642844,0.003704222,0.000204932,17226.83549
2.419905848,17587.41189,0,0,0,0.000430324,0,0,0.001739002,0.001313624,0.00118794,0.00366972,0,0.00020512,0,0,0.000691584,17587.40265
2.425128942,17948.46024,2.29E-05,0,0,0.000829696,0,0,0,0,0.00085576,0.00314963,0,0,2.14E-05,0,0.001178236,17948.45419
2.430352036,18309.9862,0.001525068,0.000700236,0,0,0,0,0,0.001690918,0.00052358,0.00262954,0.001400472,0.00090734,0.000687221,0,0.001664888,18309.97447
2.43557513,18671.99881,0,0.000240505,0,0,0,0,0.00102837,0,0.0001914,0.00210945,0.00048101,0,0,0,0,18671.99476
2.440798224,19034.50338,0.000623062,0,0,7.47E-05,0,0,0,0,0,0.00158936,0,0.00160956,6.58E-05,0,0,19034.49942
2.446021318,19397.47743,0,0,0,0.000474059,0,0.00189106,0,0.000303734,0,0.00106927,0,0,0.000731598,0.000132774,0,19397.47283
2.451244412,19760.9397,0,0.000814437,0,0.000873431,0,0.00174679,0.000317738,0,0,0.00054918,0.001628874,0.00231178,0,0.000839616,0,19760.93061
2.456467506,20124.88061,0.001223178,0.000354706,0,0,0,0.00160252,0.001382944,0.000681028,0,2.91E-05,0.000709412,0,0.000110141,0.001546458,0.000191898,20124.87277
2.4616906,20489.30943,0,0,0.001938,0,0,0.00145825,0,0,0,0,0,0.003014,0.000775975,0.0022533,0.00067855,20489.29931
2.466913694,20854.20337,0.000321172,0,0.00183737,0.000118422,0,0.00131398,0,0.001058322,0,0,0,0,0,0.002960142,0.001165202,20854.1946
2.472136788,21219.59392,0.001823294,0.000928638,0.00173674,0.000517794,0,0.00116971,0.000672312,0,0.00177239,0,0.001857276,0.00371622,0.000154518,0.003666984,0.001651854,21219.57426
2.477359882,21585.43518,0,0.000468907,0.00163611,0.000917166,0.001928824,0.00102544,0.001737518,0.001435616,0.00144021,0,0.000937814,0.00016108,0.000820352,0,0,21585.42267
2.482582976,21951.74609,0.000921288,9.18E-06,0.00153548,0,0.001793282,0.00088117,0,0,0.00110803,0,1.84E-05,0,0,0,0,21951.73983
2.48780607,22318.54884,0,0,0.00143485,0,0.00165774,0.0007369,0,0.00181291,0.00077585,0,0,0.0008633,0.000198895,0,0,22318.54136
2.493029164,22685.83329,1.93E-05,0,0.00133422,0.000162157,0.001522198,0.00059263,0.001026886,4.84E-05,0.00044367,0,0,0,0.000864729,0,0,22685.82727
2.498252258,23053.59437,0.001521404,0.000583108,0.00123359,0.000561529,0.001386656,0.00044836,0,0,0.00011149,0.00368087,0.001166216,0.00156552,0,0,0.000178864,23053.58193
2.503475352,23421.79833,0,0.000123377,0.00113296,0.000960901,0.001251114,0.00030409,0,0.000425726,0,0.00316078,0.000246754,0,0.000243272,9.55E-05,0.000665516,23421.78972
2.508698446,23790.50852,0.000619398,0,0.00103233,0,0.001115572,0.00015982,0.000316254,0,0,0.00264069,0,0.00226774,0.000909106,0.000802378,0.001152168,23790.49751
2.51392154,24159.6678,0,0,0.0009317,0,0.00098003,1.55E-05,0.00138146,0.00080302,0,0.0021206,0,0,0,0.00150922,0.00163882,24159.65842
2.519144634,24529.29913,0,0.000697309,0.00083107,0.000205892,0.000844488,0,0,0,0,0.00160051,0.001394618,0.00296996,0.000287649,0.002216062,0,24529.28808
2.524367728,24899.41223,0.001219514,0.000237578,0.00073044,0.000605264,0.000708946,0,0,0.001180314,0,0.00108042,0.000475156,0,0.000953483,0.002922904,0,24899.40211
2.529590822,25269.97901,0,0,0.00062981,0,0.000573404,0,0.000670828,0,0,0.00056033,0,0.00367218,0,0.003629746,0,25269.96927
2.534813916,25641.01194,0.000317508,0,0.00052918,0,0.000437862,0,0.001736034,0.001557608,0.00169248,4.02E-05,0,0.00011704,0.000332026,0,0,25641.00518
2.54003701,26012.53198,0.00181963,0.00081151,0.00042855,0,0.00030232,0,0,0,0.0013603,0,0.00162302,0,0,0,0.00016583,26012.52547
2.545260104,26384.50512,0,0.000351779,0.00032792,0.000249627,0.000166778,0,0,0.001934902,0.00102812,0,0.000703558,0.00081926,0,0,0.000652482,26384.49888
2.550483198,26756.94627,0.000917624,0,0.00022729,0.000648999,3.12E-05,0,0.001025402,0.000170424,0.00069594,0,0,0,0.000376403,0,0.001139134,26756.94104
2.555706292,27129.83996,0,0,0.00012666,0,0,0,0,0,0.00036376,0,0,0.00152148,0,0,0.001625786,27129.83633
2.560929386,27503.21944,1.56E-05,0.000925711,2.60E-05,0,0,0,0,0.000547718,3.16E-05,0,0.001851422,0,0,5.83E-05,0,27503.21599
2.56615248,27877.05541,0.00151774,0.00046598,0,0,0,0,0.00031477,0,0,0,0.00093196,0.0022237,0.00042078,0.00076514,0,27877.04877
2.571375574,28251.35548,0,6.25E-06,0,0.000293362,0,0,0.001379976,0.000925012,0,0,1.25E-05,0,0.001086614,0.001471982,0,28251.35031
2.576598668,28626.11683,0.000615734,0,0,0.000692734,0,0,0,0,0,0.00369202,0,0.00292592,0.001752448,0.002178824,0,28626.10497
2.581821762,29001.33589,0,0,0,0,0,0,0,0.001302306,0,0.00317193,0,0,0,0.002885666,0.000152796,29001.32838
2.587044856,29377.01974,0,0.000580181,0,0,0,0.00190202,0.000669344,0,0,0.00265184,0.001160362,0.00362814,0,0.003592508,0.000639448,29377.00492
2.59226795,29753.16223,0.00121585,0.00012045,0,0,0,0.00175775,0.00173455,0.0016796,0.00194475,0.00213175,0.0002409,7.30E-05,0,0,0.0011261,29753.1502
2.597491044,30129.75591,0,0,0,0.000337097,0,0.00161348,0,0,0.00161257,0.00161166,0,0,0.000509534,0,0.001612752,30129.74861
2.602714138,30506.80699,0.000313844,0,0,0.000736469,0,0.00146921,0,0,0.00128039,0.00109157,0,0.00077522,0.001175368,0,0,30506.80015
2.607937232,30884.33033,0.001815966,0.000694382,0,0,0,0.00132494,0.001023918,0.000292416,0.00094821,0.00057148,0.001388764,0,0.001841202,0,0,30884.32043
2.613160326,31262.29787,0,0.000234651,0,0,0,0.00118067,0,0,0.00061603,5.14E-05,0.000469302,0.00147744,0,0,0,31262.29384
2.61838342,31640.72302,0.00091396,0,0,0,0,0.0010364,0,0.00066971,0,0,0,0,0,2.11E-05,0,31640.72038
2.623606514,32019.62416,0,0,0,0.000380832,0,0.00089213,0.000313286,0,0.00385792,0,0,0.00217966,0,0.000727902,0.000139762,32019.61567
2.628829608,32398.97856,1.20E-05,0.000808583,0,0.000780204,0.001904356,0.00074786,0.001378492,0.001047004,0.00352574,0,0.001617166,0,0.000598288,0.001434744,0.000626414,32398.96408
2.634052702,32778.76551,0.001514076,0.000348852,0,0,0.001768814,0.00060359,0,0,0.00319356,0,0.000697704,0.00288188,0.001264122,0.002141586,0.001113066,32778.74999
2.639275796,33159.02293,0,0.001842246,0,0,0.001633272,0.00045932,0,0.001424298,0.00286138,0,0.003684492,0,0.001929956,0.002848428,0.001599718,33159.00465
2.64449889,33539.72522,0.00061207,0,0,2.52E-05,0.00149773,0.00031505,0.00066786,0,0.0025292,0,0,0.0035841,0,0.00355527,0,33539.71243
2.649721984,33920.86821,0,0.000922784,0,0.000424567,0.001362188,0.00017078,0.001733066,0.001801592,0.00219702,0,0.001845568,2.90E-05,0,0,0,33920.85772
2.654945078,34302.47946,0,0,0,0.000823939,0.001226646,2.65E-05,0,3.71E-05,0.00186484,0.00370317,0,0,2.12E-05,0,0,34302.47175
2.660168172,34684.54736,0.001212186,3.32E-06,0,0,0.001091104,0,0,0,0.00153266,0.00318308,6.64E-06,0.00073118,0.000687042,0,0,34684.53891
2.665391266,35067.05772,0,0.001496716,0.00191968,0,0.000955562,0,0.001022434,0.000414408,0.00120048,0.00266299,0.002993432,0,0.001352876,0,0.000126728,35067.04358
2.67061436,35450.00944,0.00031018,0,0.00181905,6.89E-05,0.00082002,0,0,0,0.0008683,0.0021429,0,0.0014334,0,0,0.00061338,35450.00136
2.675837454,35833.42274,0.001812302,0.000577254,0.00171842,0.000468302,0.000684478,0,0,0.000791702,0.00053612,0.00162281,0.001154508,0,0,0,0.001100032,35833.41227
2.681060548,36217.28537,0,0,0.00161779,0.000867674,0.000548936,0,0.000311802,0,0.00020394,0.00110272,0,0.00213562,0,0.000690664,0.001586684,36217.27631
2.686283642,36601.58532,0.000910296,0,0.00151716,0,0.000413394,0,0.001377008,0.001168996,0,0.00058263,0,0,0.000109962,0.001397506,0,36601.57784
2.691506736,36986.34343,0,0.001151186,0.00141653,0,0.000277852,0,0,0,0,6.25E-05,0.002302372,0.00283784,0.000775796,0.002104348,0,36986.3325
2.69672983,37371.54767,8.29E-06,0,0.0013159,0.000112665,0.00014231,0,0,0.00154629,0,0,0,0,0.00144163,0.00281119,0,37371.54029
2.701952924,37757.19724,0.001510412,0.000231724,0.00121527,0.000512037,6.77E-06,0,0.000666376,0,0,0,0.000463448,0.00354006,0,0.003518032,0,37757.18558
2.707176018,38143.29496,0,0.001725118,0.00111464,0.000911409,0,0,0.001731582,0.001923584,0,0,0.003450236,0,0,0,0.000113694,38143.28399
2.712399112,38529.82228,0.000608406,0,0.00101401,0,0,0,0,0.000159106,0,0,0,0,0,0,0.000600346,38529.8199
2.717622206,38916.81424,0,0.000805656,0.00091338,0,0,0,0,0,0,0,0.001611312,0.00068714,0.000198716,0,0.001086998,38916.80893
2.7228453,39304.24043,0,0,0.00081275,0.0001564,0,0,0.00102095,0.0005364,0,0,0,0,0.00086455,0,0.00157365,39304.23547
2.728068394,39692.10681,0.001208522,0,0.00071212,0.000555772,0,0.00191298,0,0,0,0,0,0.00138936,0.001530384,0,0,39692.0995
2.733291488,40080.42877,0,0.001379588,0.00061149,0.000955144,0,0.00176871,0,0.000913694,0,0.00371432,0.002759176,0,0,0,0,40080.41666
2.738514582,40469.18002,0.000306516,0,0.00051086,0,0,0.00162444,0.000310318,0,0,0.00319423,0,0.00209158,0,0.000653426,0,40469.17132
2.743737676,40858.37527,0.001808638,0.000460126,0.00041023,0,0,0.00148017,0.001375524,0.001290988,0,0.00267414,0.000920252,0,0,0.001360268,0,40858.36349
2.74896077,41247.94359,0,0,0.0003096,0.000200135,0,0.0013359,0,0,0.0036981,0.00215405,0,0.0027938,0.00028747,0.00206711,0.00010066,41247.93065
2.754183864,41638.05857,0.000906632,0,0.00020897,0.000599507,0,0.00119163,0,0.001668282,0.00336592,0.00163396,0,0,0.000953304,0.002773952,0.000587312,41638.04468
2.759406958,42028.61496,0,0.001034058,0.00010834,0,0,0.00104736,0.000664892,0,0.00303374,0.00111387,0.002068116,0.00349602,0.001619138,0.003480794,0.001073964,42028.59622
2.764630052,42399.13963,4.63E-06,0,7.71E-06,0,0,0.00090309,0.001730098,0,0.00270156,0.00059378,0,0,0,0,0.001560616,42399.13213
2.769853146,42731.72025,0.001506748,0.000114596,0,0,0,0.00075882,0,0.000281098,0.00236938,7.37E-05,0.000229192,0,0,0,0,42731.71491
2.77507624,43064.35294,0,0.00160799,0,0.00024387,0,0.00061455,0,0,0.0020372,0,0.00321598,0.0006431,0,0,0,43064.34457
2.780299334,43397.05972,0.000604742,0,0,0.000643242,0.001879888,0.00047028,0.001019466,0.000658392,0.00170502,0,0,0,0.000376224,0,0,43397.05236
2.785522428,43729.81492,0,0.000688528,0,0,0.001744346,0.00032601,0,0,0.00137284,0,0.001377056,0.00134532,0.001042058,0,0,43729.80702
2.790745522,44062.64547,0,0,0,0,0.001608804,0.00018174,0,0.001035686,0.00104066,0,0,0,0.001707892,0,8.76E-05,44062.63981
2.795968616,44395.52644,0.001204858,0,0,0,0.001473262,3.75E-05,0.000308834,0,0.00070848,0,0,0.00204754,0,0.000616188,0.000574278,44395.51947
2.80119171,44728.48821,0,0.00126246,0,0.000287605,0.00133772,0,0.00137404,0.00141298,0.0003763,0,0.00252492,0,0,0.00132303,0.00106093,44728.47725
2.806414804,45061.49048,0.000302852,0,0,0.000686977,0.001202178,0,0,0,4.41E-05,0,0,0.00274976,0,0.002029872,0.001547582,45061.48191
2.811637898,45394.57732,0.001804974,0.000342998,0,0,0.001066636,0,0,0.001790274,0,0.00372547,0.000685996,0,0.000464978,0.002736714,0,45394.5647
2.816860992,45727.71272,0,0.001836392,0,0,0.000931094,0,0.000663408,2.58E-05,0,0.00320538,0.003672784,0.00345198,0.001130812,0.003443556,0,45727.69436
2.822084086,46060.91306,0.000902968,0,0,0,0.000795552,0,0.001728614,0,0,0.00268529,0,0,0.001796646,0,0.003007538,46060.90215
2.82730718,46394.16312,0,0.00091693,0,0.00033134,0.00066001,0,0,0.00040309,0,0.0021652,0.00183386,0,0,0,0,46394.15681
2.832530274,46727.49309,9.62E-07,0,0,0.000730712,0.000524468,0,0,0,0,0.00164511,0,0.00059906,0,0,0,46727.48959
2.837753368,47060.89276,0.001503084,0,0.00250514,0,0.000388926,0,0.001017982,0.000780384,0,0.00112502,0,0,0,0,0.000561244,47060.88488
2.842976462,47394.33663,0,0.001490862,0.00240451,0,0.000253384,0,0,0,0,0.00060493,0.002981724,0.00130128,0.000553732,0,0,47394.32704
2.848199556,47727.85434,0.000601078,0,0.00230388,0,0.000117842,0,0,0.001157678,0,8.48E-05,0,0,0.001219566,0,0.001534548,47727.84732
2.85342265,48061.42355,0,0.0005714,0.00220325,0.000375075,0,0,0.00030735,0,0,0,0.0011428,0.0020035,0.0018854,0.00057895,0,48061.41448
2.858645744,48395.06935,0,0,0.00210262,0.000774447,0,0,0.001372556,0.001534972,0,0,0,0,0,0.001285792,0.002507852,48395.05977
2.863868838,48728.75983,0.001201194,0,0.00200199,0,0,0,0,0,0,0,0,0.00270572,0,0.001992634,0,48728.75193
2.869091932,49062.54144,0,0.001145332,0.00190136,0,0,0.00192394,0,0.001912266,0.00387046,0,0.002290664,0,0,0.002699476,0.003481156,49062.52222
2.874315026,49396.35514,0.000299188,0,0.00180073,1.94E-05,0,0.00177967,0.000661924,0.000147788,0.00353828,0,0,0.00340794,0.000642486,0.003406318,6.16E-05,49396.33938
2.87953812,49730.23151,0.00180131,0.00022587,0.0017001,0.00041881,0,0.0016354,0.00172713,0,0.0032061,0,0.00045174,0,0.00130832,0,0,49730.21904
2.884761214,50064.1747,0,0.001719264,0.00159947,0.000818182,0,0.00149113,0,0.000525082,0.00287392,0,0.003438528,0,0,0,0.001034862,50064.1612
2.889984308,50398.19206,0.000899304,0,0.00149884,0,0,0.00134686,0,0,0.00254174,0.00373662,0,0.00055502,0,0,0,50398.18148
2.895207402,50732.263,0,0.000799802,0.00139821,0,0,0.00120259,0.001016498,0.000902376,0.00220956,0.00321653,0.001599604,0,0,0,0.002008166,50732.24864
2.900430496,51066.38662,0,0,0.00129758,6.32E-05,0,0.00105832,0,0,0.00187738,0.00269644,0,0.00125724,6.54E-05,0,0,51066.3783
2.90565359,51400.58325,0.00149942,0,0.00119695,0.000462545,0,0.00091405,0,0.00127967,0.0015452,0.00217635,0,0,0.00073124,0,0.00298147,51400.57047
2.910876684,51734.83905,0,0.001373734,0.00109632,0.000861917,0,0.00076978,0.000305866,0,0.00121302,0.00165626,0.002747468,0.00195946,0.001397074,0.000541712,0,51734.82513
2.916099778,52069.1508,0.000597414,0,0.00099569,0,0,0.00062551,0.001371072,0.001656964,0.00088084,0.00113617,0,0,0,0.001248554,0,52069.14229
2.921322872,52403.5348,0,0.000454272,0.00089506,0,0,0.00048124,0,0.003798736,0.00054866,0.00061608,0.000908544,0.00266168,0,0.001955396,0.000535176,52403.52195
2.926545966,52737.96057,0,0.001947666,0.00079443,0.000106908,0,0.00033697,0,0.002034258,0.00021648,9.60E-05,0.003895332,0,0,0.002662238,0,52737.94848
2.93176906,53072.46692,0.00119753,0,0.0006938,0.00050628,0.00185542,0.0001927,0.00066044,0.00026978,0,0,0,0.0033639,0.00015416,0.00336908,0.00150848,53072.45314
2.936992154,53407.01358,0,0.001028204,0.00059317,0.000905652,0.001719878,4.84E-05,0.001725646,0,0,0,0.002056408,0,0.000819994,0,0,53407.00468
2.942215248,53741.64068,0.000295524,0,0.00049254,0,0.001584336,0,0,0,0,0,0,0,0.001485828,0,0.002481784,53741.63434
2.947438342,54076.31814,0.001797646,0.000108742,0.00039191,0,0.001448794,0,0,0.002788846,0,0,0.000217484,0.00051098,0,0,0,54076.31088
2.952661436,54411.06197,0,0.001602136,0.00029128,0.000150643,0.001313252,0,0.001015014,0.001024368,0,0,0.003204272,0,0,0,0.003455088,54411.04991
2.95788453,54745.85551,0.00089564,0,0.00019065,0.000550015,0.00117771,0,0,0,0,0,0,0.0012132,0,0,3.55E-05,54745.85145
2.963107624,55080.71985,0,0.000682674,9.00E-05,0.000949387,0.001042168,0,0,0,0,0,0.001365348,0,0.000242914,0,0,55080.71548
2.968330718,55415.65486,0,0,0,0,0.000906626,0,0.000304382,0.003543434,0,0.00374777,0,0.00191542,0.000908748,0.000504474,0.001008794,55415.64202
2.973553812,55750.64248,0.001495756,0,0,0,0.000771084,0,0.001369588,0.001778956,0,0.00322768,0,0,0.001574582,0.001211316,0,55750.63105
2.978776906,56085.6808,0,0.001256606,0,0.000194378,0.000635542,0,0,1.45E-05,0,0.00270759,0.002513212,0.00261764,0,0.001918158,0.001982098,56085.66696
2.984,56420.7875,0.00059375,0,0,0.00059375,0.0005,0,0,0,0,0.0021875,0,0,0,0.002625,0,56420.781
