Water demand,System deficit,Junction 1 deficit,Junction 2 deficit,Junction 3 deficit,Junction 5 deficit,Junction 6 deficit,Junction 7 deficit,Junction 8 deficit,Junction 9 deficit,Junction 10 deficit,Junction 13 deficit,Junction 14 deficit,Junction 15 deficit,Junction 16 deficit,Junction 18 deficit,Junction 19 deficit,Junction 28 deficit
0.372453,0.001764187,2.10E-05,0.000193625,0.000197813,0,0,8.42E-05,0.000193875,0,0,0,0.00038725,0.000265312,6.74E-05,0,0.000353687,0
0.377676094,0.001612593,5.83E-05,0.000222175,9.72E-05,3.76E-05,0,0,0.000282518,0,0.000210945,0,0.00044435,0,0,0,0,0.000259521
0.382899188,0.001630111,9.56E-05,0,0,0,0.000128822,0,0.000371162,6.92E-06,0,0.000450133,0,0,0,0.000227059,0.000350429,0
0.388122282,0.002419573,0.000132866,0,0,0.000103913,0,0.00013969,0.000459806,0.000195566,0,0,0,0.00034208,0.000111752,0.000933901,0,0
0.393345376,0.002063598,0.000170144,0,0,1.50E-05,0,0,0,0.000384213,0.000190967,0.000386515,0,0,0,0,0.00034717,0.000569584
0.39856847,0.000880097,0.000207422,0,0,0,0.000210477,0,0,0,0,0,0,6.77E-05,0,0.00039446,0,0
0.403791564,0.001299612,0,0,0,8.13E-05,7.49E-05,0.000195161,0,0,0,0.000322898,0,0,0.000156129,0,0.000343912,0.000125251
0.409014658,0.001571493,0,0,0.000469965,0,0,5.09E-05,0,0,0.00017099,0,0,0,0,0,0,0.000879647
0.414237752,0.001860826,0,0,0.000369335,0,0,0,0,0.000162238,0,0.00025928,0,0.000144505,2.30E-05,0.000561861,0.000340653,0
0.419460846,0.002464651,0,0,0.000268705,5.87E-05,0.000156591,0,1.51E-05,0.000350886,0.000483192,0,0,0.000495615,0.000200506,0,0,0.000435314
0.42468394,0.001952449,0,0,0.000168075,0,2.10E-05,0.000106362,0.000103747,0,0.000151013,0.000195663,0,0.000846725,0,2.24E-05,0.000337395,0
0.429907034,0.001114618,0,1.94E-05,6.74E-05,0,0,0,0.000192391,0,0,0,3.88E-05,0,6.73E-05,0.000729262,0,0
0.435130128,0.002374046,0,4.79E-05,0,3.62E-05,0.000238246,0,0.000281034,0,0.000463215,0.000132045,9.59E-05,0,0,0,0.000334136,0.000745377
0.440353222,0.001330841,1.74E-05,7.65E-05,0,0,0.000102704,0.000161834,0.000369678,0.000128911,0.000131035,0,0.000152994,0,0,0.000189821,0,0
0.445576316,0.003272464,5.46E-05,0.000105047,0,0.000102474,0,1.76E-05,0.000458321,0.000317558,0,6.84E-05,0.000210094,0.00029804,0.000111707,0.000896663,0.000330878,0.000301044
0.45079941,0.002640544,9.19E-05,0.000133597,0,0,0,0,0,0,0.000443237,0,0.000267195,0.00064915,0,0,0,0.00105544
0.456022504,0.00379665,0.000129202,0.000162148,0,0.000168796,0.000184359,0.000217305,0,0,0.000111057,4.81E-06,0.000324295,0,0,0.000357222,0.00032762,0.001809836
0.461245598,0.001997907,0.00016648,0.000190698,0.000440227,7.99E-05,4.88E-05,7.30E-05,0,0,0,0.000461282,0.000381396,0,0.000156084,0,0,0
0.466468692,0.002044305,0.000203758,0.000219248,0.000339597,0,0,0,0,9.56E-05,0.00042326,0,0.000438496,0,0,0,0.000324361,0
0.471691786,0.002333765,0.000241037,0,0.000238967,0,0.000266014,0,0,0.00028423,9.11E-05,0.000397665,0,0.000100465,2.29E-05,0.000524623,0,0.000166774
0.47691488,0.002778122,0,0,0.000138337,0,0.000130472,0.000128506,1.36E-05,0.000472877,0,0,0,0.000451575,0.000200461,0,0.000321102,0.00092117
0.482137974,0.003234035,0,0,3.77E-05,0.000212531,0,0,0.000102263,0,0.000403282,0,0,0.000802685,0,0,0,0.001675566
0.487361068,0.002253304,0,0,0,0.000123621,0,0,0.000190907,0,7.11E-05,0.00079052,0,0,6.73E-05,0.000692024,0.000317844,0
0.492584162,0.000830926,0,0,0,3.47E-05,0,0.000183977,0.000279551,6.23E-05,0,0.00027043,0,0,0,0,0,0
0.497807256,0.001541782,0,0,0,0,0,3.97E-05,0.000368194,0.000250903,0.000383305,0,0,0,0,0.000152583,0.000314585,3.25E-05
0.50303035,0.003388825,0,0,0,0,0.000429325,0,0.000456837,0.00043955,5.11E-05,0,0,0.000254,0.000111662,0.000859425,0,0.0007869
0.508253444,0.003667953,1.37E-05,0,0,0,0.000293783,0.000239449,0,0,0,0.000663285,0,0.00060511,0,0,0.000311327,0.001541296
0.513476538,0.002569795,5.10E-05,0,0.00041049,0.000167356,0.000158241,0,0,0,0.000363327,0.000143195,0,0.00095622,0,0.000319984,0,0
0.518699632,0.001512048,8.83E-05,1.65E-05,0.00030986,7.84E-05,2.27E-05,0.00043919,0,2.89E-05,3.11E-05,0,3.29E-05,0,0.000156039,0,0.000308068,0
0.523922726,0.000982323,0.000125538,4.50E-05,0.00020923,0,0,0.00029492,0,0.000217575,0,0,9.00E-05,0,0,0,0,0
0.52914582,0.003452512,0.000162816,7.36E-05,0.0001086,0,0,0.00015065,0,0.000406222,0.00034335,0.00053605,0.00014714,5.64E-05,2.29E-05,0.000487385,0.00030481,0.00065263
0.534368914,0.002575049,0.000200094,0.00010212,7.97E-06,0,0,6.38E-06,1.21E-05,0,1.12E-05,1.60E-05,0.00020424,0.000407535,0.000200416,0,0,0.001407026
0.539592008,0.002458545,0.000237373,0.00013067,0,0.000211091,0.000457093,0,0.000100779,0,0,0,0.000261341,0.000758645,0,0,0.000301551,0
0.544815102,0.003085123,0,0.000159221,0,0.000122182,0.000321551,0,0.000189423,0,0.000323372,0.000928905,0.000318441,0,6.72E-05,0.000654786,0,0
0.550038196,0.001952018,0,0.000187771,0,3.33E-05,0.000186009,0,0.000278066,0.000184248,0,0.000408815,0.000375542,0,0,0,0.000298293,0
0.55526129,0.002478604,0,0.000216321,0,0,5.05E-05,0.000405862,0.00036671,0.000372895,0,0,0.000432643,0,0,0.000115345,0,0.00051836
0.560484384,0.004213279,0,0,0.000481382,0,0,0.000261593,0.000455354,0,0.000303395,0,0,0.00020996,0.000111618,0.000822187,0.000295035,0.001272756
0.565707478,0.001860815,0,0,0.000380752,0,0,0.000117322,0,0,0,0.00080167,0,0.00056107,0,0,0,0
0.570930572,0.002214322,0,0,0.000280123,0.000165917,0,0,0,0,0,0.00028158,0,0.00091218,0,0.000282746,0.000291776,0
0.576153666,0.001341734,1.00E-05,0,0.000179492,7.70E-05,0.000484862,0,0,0.00015092,0.000283417,0,0,0,0.000155995,0,0,0
0.58137676,0.001487675,4.73E-05,0,7.89E-05,0,0.00034932,0,0,0.000339567,0,0,0,0,0,0,0.000288517,0.00038409
0.586599854,0.002596646,8.46E-05,0,0,0,0.000213778,0,0,0,0,0.000674435,0,1.24E-05,2.28E-05,0.000450147,0,0.001138486
0.591822948,0.00374309,0.000121874,0,0,0,7.82E-05,0.000372535,1.07E-05,0,0.00026344,0.000154345,0,0.000363495,0.000200372,0,0.000285259,0.001892882
0.597046042,0.001251818,0,0,0,0.000209652,0,0.000228265,9.93E-05,0,0,0,0,0.000714605,0,0,0,0
0.602269136,0.001673445,0.00019643,0,0,0.000120743,0,8.40E-05,0.000187939,0.000117593,0,0,0,0,6.72E-05,0.000617548,0.000282,0
0.60749223,0.001695766,0,1.35E-05,0,3.18E-05,0,0,0.000276582,0.00030624,0.000243462,0.0005472,2.71E-05,0,0,0,0,0.00024982
0.612715324,0.002602311,0.000270987,4.21E-05,0.000451645,0,0,0,0.000365226,0,0,2.71E-05,8.42E-05,0,0,7.81E-05,0.000278742,0.001004216
0.617938418,0.004214956,0,7.06E-05,0.000351015,0,0.000377088,0,0.000453869,0,0,0,0.000141286,0.00016592,0.000111573,0.000784949,0,0.001758612
0.623161512,0.003574586,0.000345543,9.92E-05,0.000250385,0,0.000241547,0.000483478,0,0,0.000223485,0.000940055,0.000198387,0.00051703,0,0,0.000275484,0
0.628384606,0.002760554,0,0.000127744,0.000149755,0.000164478,0.000106004,0.000339207,0,8.43E-05,0,0.000419965,0.000255487,0.00086814,0,0.000245508,0,0
0.6336077,0.0029776,0.0004201,0.000156294,4.91E-05,7.56E-05,0,0.000194938,0,0.000272913,0,0,0.000312587,0,0.00015595,0.00095235,0.000272225,0.00011555
0.638830794,0.002140212,0,0.000184844,0,0,0,5.07E-05,0,0.000461559,0.000203507,0,0.000369688,0,0,0,0,0.000869946
0.644053888,0.00375922,0,0.000213394,0,0,0,0,0,0,0,0.00081282,0.000426788,0,0,0.000412909,0.000268966,0.001624342
0.649276982,0.001591167,4.37E-05,0.000241944,0,0,0,0,9.17E-06,0,0,0.00029273,0.000483889,0.000319455,0.000200327,0,0,0
0.654500076,0.001881622,0,0,0,0.000208213,0.000404857,0,9.78E-05,5.09E-05,0.00018353,0,0,0.000670565,0,0,0.000265708,0
0.65972317,0.002860464,0.00011821,0.000299045,0,0.000119304,0.000269315,0.00045015,0.000186455,0.000239585,0,0,0.00059809,0,0,0.00058031,0,0
0.664946264,0.0035237,0,0,0.000421907,3.04E-05,0.000133773,0.00030588,0.000275098,0.000428232,0,0.000685585,0,0,0.000244704,0,0.000262449,0.000735676
0.670169358,0.003804268,0.000192766,0.000356145,0.000321277,0,0,0.00016161,0.000363742,0,0,0.000165495,0.000712291,0,0,4.09E-05,0,0.001490072
0.675392452,0.00262709,0,0,0.000220647,0,0,1.73E-05,0.000452385,0,0.000807935,0,0,0.00012188,0,0.000747711,0.000259191,0
0.680615546,375.4748142,0.000267323,0.000413246,0.000120017,375.4719316,0,0,0,1.76E-05,0.000475755,0,0.000826492,0.00047299,0.000289081,0,0,0
0.68583864,758.9579453,0,0,1.94E-05,758.9557294,0,0,0,0.000206257,0.000143575,0.00055835,0,0.0008241,0,0.00020827,0.000255932,0
0.691061734,1142.444639,0.000341879,0.000470346,0,1142.440504,0.000432625,0,0,0.000394904,0,3.83E-05,0.000940693,0,0,0.000915112,0,0.000601406
0.696284828,1525.928454,0,1.06E-05,0,1525.925766,0.000297083,0.000416822,0,0,0,0,2.12E-05,0,0.000333458,0,0.000252674,0.001355802
0.701507922,1909.412253,0.000416436,0,0,1909.410053,0.000161542,0.000272553,0,0,0,0.000951205,0,0,2.27E-05,0.000375671,0,0
0.706731016,2292.896667,0,6.77E-05,0,2292.894827,2.60E-05,0.000128282,7.68E-06,0,0.00076798,0.000431115,0.000135432,0.000275415,0,0,0,0
0.71195411,2676.382292,0,0,0.0004928,2676.38009,0,0,9.63E-05,0.00017293,0.0004358,0,0,0.000626525,0.000377835,0,0,0
0.717177204,3059.867644,4.00E-05,0.000124816,0.00039217,3059.864864,0,0,0.000184971,0.000361577,0.00010362,0,0.000249633,0,6.71E-05,0.000543072,0.000246157,0.000467136
0.722400298,3443.352982,0,0,0.00029154,3443.349638,0,0,0.000273614,0,0,0.00082397,0,0,0,0,0.000732809,0.001221532
0.727623392,3826.836816,0.000114546,0.000181917,0.00019091,3826.834413,0.000460394,0,0.000362258,0,0,0.00030388,0.000363834,0,0.000422212,3.63E-06,0,0
0.732846486,4210.32202,0,0,9.03E-05,4210.318943,0.000324852,0.000383495,0.000450901,0.000927518,0,0,0,7.78E-05,0.000111483,0.000710473,0,0
0.73806958,4593.806937,0.000189102,0.000239017,0,4593.804206,0.00018931,0.000239225,0,0,0.000728025,0,0.000478035,0.00042895,0,0,0.00023964,0
0.743292674,4977.29282,0,0,0,4977.289102,5.38E-05,9.50E-05,0,0,0.000395845,0.000696735,0,0.00078006,0.000466589,0.000171032,0.000726292,0.000332866
0.748515768,5360.777618,0.000263659,0.000296118,0,5360.773388,0,0,0.000716832,0,6.37E-05,0.000176645,0.000592236,0,0.00015586,0.000877874,0,0.001087262
0.753738862,5744.260126,0,0,0,5744.258285,0,0,0,0,0,0,0,0,0,0,0,0.001841658
0.758961956,6127.746106,0.000338215,0.000353219,0,6127.743242,0,0,0.000894119,0,0,0,0.000706437,0,0,0.000338433,0.000233123,0
0.76418505,6511.230491,0,0,0,6511.228169,0.000488162,0,6.20E-06,0.000106275,0,0.0005695,0,0.000231375,0.000200237,0,0.000719775,0
0.769408144,6894.717424,0.000412772,0.000410319,0,6894.713264,0.00035262,0.000350167,0,0.000294922,0.00068807,4.94E-05,0.000820638,0.000582485,0,0,0,0.000198596
0.774631238,7278.200694,218.9823836,0,0,7059.214472,0.000217078,0.000205898,0.000183487,0.000483569,0.00035589,0,0,0.000933595,0,0.000505834,0,0.000952992
0.779854332,7661.687774,554.8686514,0.00046742,0,7106.812528,8.15E-05,6.16E-05,0,0.000672216,2.37E-05,0.000962355,0.000934839,0,0.000244614,0.001212676,0.000226606,0.001707388
0.785077426,8045.170799,890.7558957,7.69E-06,0,7154.410583,0,0,0.000360774,0.000860863,0,0.000442265,1.54E-05,0,0,0.001919518,0.000713258,0
0.79030052,8428.651772,1226.642163,0,0.000936475,7202.008639,0,0,0,0,0,0,0,3.38E-05,0,0,0,0
0.795523614,8812.138409,1562.529408,6.48E-05,0.000835845,7249.606694,0,0,0.000538061,0,0,0,0.000129578,0.00038491,0.000288991,0,0,6.43E-05
0.800746708,9195.625014,1898.415676,0,0.000735215,7297.20475,0,0.00046111,0,0,0.000648115,0.00083512,0,0.00073602,0,0.000133794,0.000220089,0.000818722
0.805969802,9579.112977,2234.30292,0.000121889,0.000634585,7344.802806,0.000380389,0.00031684,0.000715348,0,0.000315935,0.00031503,0.000243779,0.00108713,0,0.000840636,0.000706741,0.001573118
0.811192896,9962.594319,2570.189188,0,0.000533955,7392.400861,0.000244847,0.00017257,0,0,0,0,0,0.00143824,0.000333368,0.001547478,0,0
0.81641599,10346.07822,2906.075455,0.00017899,0.000433325,7439.998917,0.000109305,2.83E-05,0.000892635,3.96E-05,0,0,0.00035798,0.00178935,2.26E-05,0,0,0
0.821639084,10729.56116,3241.9627,0,0.000332695,7487.596972,0,0,4.72E-06,0.000228267,0,0.000707885,0,0,0,0,0.000213572,0
0.826862178,11113.04873,3577.849456,0.00023609,0.000232065,7535.195028,0,0,0,0.000416914,0.00094034,0.000187795,0.000472181,0,0.000377745,0,0.000700224,0.000684452
0.832085272,11496.5328,3913.736212,0,0.000131435,7582.793084,0,0,0.000182003,0.000605561,0.00060816,0,0,0,6.70E-05,0.000468596,0,0.001438848
0.837308366,11880.01769,4249.622968,0.000293191,3.08E-05,7630.391139,0,0.000427782,0,0.000794208,0.00027598,0,0.000586382,0,0,0.001175438,0,0
0.84253146,12263.50306,4585.509724,0,0,7677.989195,0.000408157,0.000283512,0.00035929,0,0,0.00058065,0,0,0.000422122,0.00188228,0.000207055,0
0.847754554,12646.98606,4921.39648,0.000350292,0,7725.587251,0.000272615,0.000139243,0,0,0,6.06E-05,0.000700583,0,0.000111394,0,0.000693707,0
0.852977648,13030.4706,5257.283724,0,0,7773.185306,0.000137073,0,0.000536577,0,0,0,0,0.00034087,0,0,0,0.000550182
0.858200742,13413.95901,5593.169992,0.000407392,0,7820.783362,1.53E-06,0,0,0,0.000900385,0.000973505,0.000814784,0.00069198,0.000466499,9.66E-05,0,0.001304578
0.863423836,13797.44162,5929.05626,0,0,7868.381417,0,0,0.000713864,0,0.000568205,0.000453415,0,0.00104309,0.000155771,0.000803398,0.000200538,0
0.86864693,14180.9282,6264.943504,0.000464492,0,7915.979473,0,0,0,0,0.000236025,0,0.000928985,0.0013942,0,0.00151024,0.00068719,0
0.873870024,14564.411,6600.83026,4.76E-06,0,7963.577529,0,0.000394455,0.000891151,0.000161612,0,0,9.52E-06,0.00174531,0,0,0,0
0.879093118,14947.89461,6936.716528,0,0,8011.175584,0.000435926,0.000250185,3.23E-06,0.000350259,0,0.00084627,0,0,0.000200148,0,0,0.000415912
0.884316212,15331.38023,7272.603772,6.19E-05,0,8058.77364,0.000300384,0.000105915,0,0.000538906,0,0.00032618,0.000123724,0,0,0,0.000194021,0.001170308
0.889539306,15714.86478,7608.49004,0,0,8106.371696,0.000164842,0,0.000180519,0.000727553,0.00086043,0,0,0,0,0.000431358,0.000680673,0
0.8947624,16098.35332,7944.376796,0.000118962,0.000877,8153.969751,2.93E-05,0,0,0.0009162,0.00052825,0,0.000237925,0,0.000244525,0.0011382,0,0.0026791
0.899985494,16481.83476,8280.263063,0,0.00077637,8201.567807,0,0,0.000357806,0,0.00019607,0.000719035,0,0,0,0.001845042,0,0
0.905208588,16865.31752,8616.150064,0.000176063,0.00067574,8249.165862,0,0,0,0,0,0.000198945,0.000352126,0,0,0,0.000187504,0
0.910431682,17248.80451,8952.03682,0,0.00057511,8296.763918,0,0.000361127,0.000535093,0,0,0,0,0.00029683,0.000288902,0,0.000674156,0.001036038
0.915654776,17632.28836,9287.92382,0.000233164,0.00047448,8344.361974,0.000463694,0.000216857,0,0,0,0,0.000466327,0.00064794,0,5.93E-05,0,0
0.92087787,18015.77757,9623.810332,0,0.00037385,8391.960029,0.000328153,7.26E-05,0.00071238,0,0.000820475,0.0005918,0,0.00099905,0,0.00076616,0,0.00254483
0.926100964,18399.2605,9959.697088,0.000290264,0.00027322,8439.558085,0.00019261,0,0,9.50E-05,0.000488295,7.17E-05,0.000580528,0.00135016,0.000333279,0.001473002,0.000180987,0
0.931324058,18782.74393,10295.58384,0,0.00017259,8487.156141,5.71E-05,0,0.000889667,0.000283604,0.000156115,0,0,0.00170127,2.26E-05,0,0.000667639,0
0.936547152,19166.22753,10631.47084,0.000347364,7.20E-05,8534.754196,0,0,1.75E-06,0.000472251,0,0,0.000694729,0,0,0,0,0.000901768
0.941770246,19549.71283,10967.35784,0,0,8582.352252,0.000762547,0.00047207,0,0.000660898,0,0.000464565,0,0,0.000377656,0,0,0
0.94699334,19933.20066,11303.24411,0.000404465,0,8629.950307,0.000627005,0.0003278,0.000179035,0.000849545,0,0,0.00080893,0,6.69E-05,0.00039412,0.00017447,0.00241056
0.952216434,20316.68208,11639.1305,0,0,8677.548363,0.000491463,0.00018353,0,0,0.00078052,0,0,0,0,0.001100962,0.000661122,0
0.957439528,20700.16947,11975.01738,0.000461565,0,8725.146419,0.000355921,3.93E-05,0.000356322,0,0.00044834,0.00085742,0.000923131,0,0.000422033,0.001807804,0,0
0.962662622,21083.65041,12310.90438,1.83E-06,0,8772.744474,0.000220379,0,0,0,0.00011616,0.00033733,3.67E-06,0,0.000111304,0,0,0.000767498
0.967885716,21467.13464,12646.79108,0,0,8820.34253,8.48E-05,0,0.000533609,0,0,0,0,0.00025279,0,0,0.000167953,0
0.97310881,21850.62329,12982.6785,5.89E-05,0,8867.940586,0,0,0,0,0,0,0.00011787,0.0006039,0.00046641,2.21E-05,0.000654605,0.00227629
0.978331904,22234.10596,13318.5643,0,0,8915.538641,0,0.000438742,0.000710896,2.83E-05,0,0,0,0.00095501,0.000155681,0.000728922,0,0
0.983554998,22617.59452,13635.02294,19.42687385,0,8963.136697,0,0.000294472,0,0.000216949,0.000740565,0,0.000232071,0.00130612,0,0.001435764,0,0.003785082
0.988778092,23001.07827,13707.43069,282.9068829,0,9010.734752,0,0.000150203,0.000888183,0.000405596,0.000408385,0.00164313,0,0.00165723,0,0,0.000161436,0.000633228
0.994001186,23384.56108,13779.83844,546.3859153,0.000918155,9058.332808,0,5.93E-06,2.64E-07,0.000594243,7.62E-05,0.00112304,0.000346272,0,0.000200058,0,0.000648088,0
0.99922428,23768.04635,13852.24619,809.8649478,0.000817525,9105.930864,0,0,0,0.00078289,0,0.00060295,0,0,0,0,0,0.00214202
1.004447374,24151.52961,13924.65395,1073.34398,0.000716895,9153.528919,0,0,0.000177551,0.000971537,0,8.29E-05,0.000460473,0,0,0.000356882,0,0
1.009670468,24535.01739,13997.0617,1336.822036,0.000616265,9201.126975,0.000953626,0,0,0,0,0,0,0,0.000244435,0.001063724,0.000154919,0.003650812
1.014893562,24918.50183,14069.46945,1600.301069,0.000515635,9248.725031,0.000818084,0.000405415,0.000354838,0,0.00070061,0,0.000574674,0,0,0.001770566,0.000641571,0.000498958
1.020116656,25301.98212,14141.8772,1863.780101,0.000415005,9296.323086,0.000682542,0.000261145,0,0,0.00036843,0,0,0,0,0,0,0
1.02533975,25685.47188,14214.28495,2127.259134,0.000314375,9343.921142,0.000547,0.000116875,0.000532125,0,3.62E-05,0.00190875,0.000688875,0.00020875,0.000288812,0,0,0.00200775
1.030562844,26068.95279,14286.69271,2390.738166,0.000213745,9391.519197,0.000411458,0,0,0,0,0.00138866,0,0.00055986,0,0,0.000148402,0
1.035785938,26452.44358,14359.10046,2654.217198,0.000113115,9439.117253,0.000275916,0,0.000709412,0.000150294,0,0.00086857,0.000803076,0.00091097,0,0.000691684,0.000635054,0.003516542
1.041009032,26835.92395,14431.50821,2917.696231,1.25E-05,9486.715309,0.000140374,0,0,0.000338941,0,0.00034848,0,0.00126208,0.000333189,0.001398526,0,0.000364688
1.046232126,27219.40922,14503.91596,3181.175263,0,9534.313364,4.83E-06,0,0.000886699,0.000527588,0.000660655,0,0.000917277,0.00161319,2.25E-05,0,0,0
1.05145522,27602.89249,14576.32371,3444.654296,0,9581.91142,0,0,0,0.000716235,0.000328475,0,0,0,0,0,0.000141885,0.00187348
1.056678314,27986.37618,14648.73147,3708.133328,0,9629.509475,0,0,0,0.000904882,0,0,0,0,0.000377566,0,0.000628537,0
1.061901408,28369.86317,14721.13922,3971.612361,0,9677.107531,0,0,0.000176067,0,0,0,0.000112016,0,6.68E-05,0.000319644,0,0.003382272
1.067124502,28753.34778,14793.54697,4235.091393,0,9724.705587,0,0.00091584,0,0,0,0.00165428,0,0,0,0.001026486,0,0.000230418
1.072347596,29136.83354,14865.95472,4498.569449,0,9772.303642,0,0.00077157,0.000353354,0,0.00095288,0.00113419,0.000226217,0,0.000421943,0.001733328,0.000135368,0
1.07757069,29520.31699,14938.36248,4762.048482,0,9819.901698,0,0.0006273,0,0,0.0006207,0.0006141,0,0,0.000111215,0,0.00062202,0.00173921
1.082793784,29903.7994,15010.77023,5025.527514,0,9867.499754,0,0.00048303,0.000530641,0,0.00028852,9.40E-05,0.000340418,0.00016471,0,0,0,0
1.088016878,30287.28786,15083.17798,5289.006546,0,9915.097809,0.000873621,0.00033876,0,8.36E-05,0,0,0,0.00051582,0.00046632,0,0,0.003248002
1.093239972,30670.77289,15155.58573,5552.486067,0.00095931,9962.695865,0.000738079,0.00019449,0.000707928,0.000272286,0,0,0.000454619,0.00086693,0.000155592,0.000654446,0.000128851,9.61E-05
1.098463066,31054.25718,15227.99348,5815.964611,0.00085868,10010.29392,0.000602537,5.02E-05,0,0.000460933,0,0,0,0.00121804,0,0.001361288,0.000615503,0
1.10368616,31437.74619,15300.40124,6079.443644,0.00075805,10057.89198,0.000466995,0,0.000885215,0.00064958,0.000912925,0.0019199,0.00056882,0.00156915,0,0,0,0.00160494
1.108909254,31821.22762,15372.80899,6342.922676,0.00065742,10105.49003,0.000331453,0,0,0.000838227,0.000580745,0.00139981,0,0.00192026,0.000199969,0,0,0
1.114132348,32204.71234,15445.21674,6606.401709,0.00055679,10153.08809,0.000195911,0,0,0,0.000248565,0.00087972,0.000683021,0,0,0,0.000122334,0.003113732
1.119355442,32588.19332,15517.62449,6869.880741,0.00045616,10200.68614,6.04E-05,0,0.000174583,0,0,0.00035963,0,0,0,0.000282406,0.000608986,0
1.124578536,32971.67811,15590.03224,7133.359285,0.00035553,10248.2842,0,0,0,0,0,0,0.000797222,0,0.000244346,0.000989248,0,0
1.12980163,33355.16483,15662.44,7396.838806,0.0002549,10295.88225,0,0,0.00035187,0,0,0,0,0,0,0.00169609,0,0.00147067
1.135024724,33738.64746,15734.84775,7660.31735,0.00015427,10343.48031,0,0,0,0,0.00087297,0,0.000911423,0,0,0,0.000115817,0
1.140247818,34122.13623,15807.2555,7923.796383,5.36E-05,10391.07837,0,0.000849185,0.000529157,1.70E-05,0.00054079,0,0,0.00012067,0.000288723,0,0.000602469,0.002979462
1.145470912,34505.61835,15879.66325,8187.275415,0,10438.67642,0,0.000704915,0,0.000205631,0.00020861,0.00166543,0,0.00047178,0,0,0,0
1.150694006,34889.10428,15952.07101,8450.754448,0,10486.27448,0,0.000560645,0.000706444,0.000394278,0,0.00114534,0.000106162,0.00082289,0,0.000617208,0,0
1.1559171,35272.59018,16024.47876,8714.232992,0,10533.87253,0,0.000416375,0,0.000582925,0,0.00062525,0,0.001174,0.0003331,0.00132405,0.0001093,0.0013364
1.161140194,35656.07445,16096.88651,8977.712024,0,10581.47059,0.000929158,0.000272105,0.000883731,0.000771572,0,0.00010516,0.000220363,0.00152511,2.24E-05,0,0.000595952,0
1.166363288,36039.56189,16169.29426,9241.191545,0,10629.06864,0.000793616,0.000127835,0,0.000960219,0.000833015,0,0,0.00187622,0,0,0,0.002845192
1.171586382,36423.04116,16241.70201,9504.670577,0,10676.6667,0.000658074,0,0,0,0.000500835,0,0.000334564,0,0.000377477,0,0,0
1.176809476,36806.52492,16314.10977,9768.149122,0,10724.26475,0.000522532,0,0.000173099,0,0.000168655,0,0,0,6.67E-05,0.000245168,0.000102783,0
1.18203257,37190.01399,16386.51752,10031.62815,0,10771.86281,0.00038699,0,0,0,0,0.00193105,0.000448765,0,0,0.00095201,0.000589435,0.00120213
1.187255664,37573.4979,16458.92527,10295.10767,0,10819.46087,0.000251448,0,0.000350386,0,0,0.00141096,0,0,0.000421854,0.001658852,0,0
1.192478758,37956.98255,16531.33302,10558.58622,0,10867.05892,0.000115906,0,0,0,0,0.00089087,0.000562966,0,0.000111125,0,0,0.002710922
1.197701852,38340.46591,16603.74077,10822.06525,0.000899835,10914.65698,0,0,0.000527673,0.000138976,0.00079306,0.00037078,0,7.66E-05,0,0,9.63E-05,0
1.202924946,38723.95134,16676.14853,11085.54404,0.000799205,10962.25503,0,0,0,0.000327623,0.00046088,0,0.000677167,0.00042774,0.000466231,0,0.000582918,0
1.20814804,39107.43775,16748.55628,11349.02283,0.000698575,11009.85309,0,0.0009268,0.00070496,0.00051627,0.0001287,0,0,0.00077885,0.000155502,0.00057997,0,0.00106786
1.213371134,39490.92208,16820.96403,11612.50162,0.000597945,11057.45114,0,0.00078253,0,0.000704917,0,0,0.000791368,0.00112996,0,0.001286812,0,0
1.218594228,39874.40893,16893.37178,11875.98089,0.000497315,11105.0492,0,0.00063826,0.000882247,0.000893564,0,0,0,0.00148107,0,0,8.97E-05,0.002576652
1.223817322,40257.89304,16965.77953,12139.46017,0.000396685,11152.64726,0,0.00049399,0,0,0,0.00167658,0.000905569,0.00183218,0.000199879,0,0.000576401,0
1.229040416,40641.37387,17038.18729,12402.93871,0.000296055,11200.24531,0,0.00034972,0,0,0.000753105,0.00115649,0,0,0,0,0,0
1.23426351,41024.85941,17110.59504,12666.41823,0.000195425,11247.84337,0,0.00020545,0.000171615,0,0.000420925,0.0006364,0,0,0,0.00020793,0,0.00093359
1.239486604,41408.3433,17183.00279,12929.89653,9.48E-05,11295.44142,0.000849153,6.12E-05,0,0,8.87E-05,0.00011631,0.000100308,0,0.000244256,0.000914772,8.32E-05,0
1.244709698,41791.83128,17255.41054,13193.37557,0,11343.03948,0.000713611,0,0.000348902,0,0,0,0,0,0,0.001621614,0.000569884,0.002442382
1.249932792,42175.31105,17327.8183,13456.85436,0,11390.63753,0.000578069,0,0,7.23E-05,0,0,0.000214509,0,0,0,0,0
1.255155886,42558.79658,17400.22605,13720.33339,0,11438.23559,0.000442527,0,0.000526189,0.000260968,0,0,0,3.26E-05,0.000288633,0,0,0
1.26037898,42942.28499,17472.6338,13983.81254,0,11485.83364,0.000306985,0,0,0.000449615,0.00071315,0.0019422,0.00032871,0.0003837,0,0,7.67E-05,0.00079932
1.265602074,43325.77047,17545.04155,14247.29206,0,11533.4317,0.000171443,0,0.000703476,0.000638262,0.00038097,0.00142211,0,0.00073481,0,0.000542732,0.000563367,0
1.270825168,43709.25641,17617.4493,14510.77012,0,11581.02976,3.59E-05,0,0,0.000826909,4.88E-05,0.00090202,0.000442911,0.00108592,0.00033301,0.001249574,0,0.002308112
1.276048262,44092.73686,17689.85706,14774.24927,0,11628.62781,0,0,0.000880763,0,0,0.00038193,0,0.00143703,2.23E-05,0,0,0
1.281271356,44476.22688,17762.26481,15037.72843,0,11676.22587,0,0.000860145,0,0,0,0,0.000557112,0.00178814,0.000688116,0,7.02E-05,0.003816904
1.28649445,44859.70613,17834.67256,15301.2077,0,11723.82392,0,0.000715875,0,0,0,0,0,0,0,0,0.00055685,0.00066505
1.291717544,45243.19117,17907.08031,15564.68655,0,11771.42198,0,0.000571605,0.000170131,0,0.000673195,0,0.000671313,0,6.67E-05,0.000170692,0,0
1.296940638,45626.67903,17979.48806,15828.16543,0.00094099,11819.02003,0,0.000427335,0,0,0.000341015,0,0,0,0.000732493,0.000877534,0,0.002173842
1.302163732,46010.16426,18051.89582,16091.64475,0.00084036,11866.61809,0,0.000283065,0.000347418,5.67E-06,8.83E-06,0.00168773,0.000785514,0,0,0.001584376,6.37E-05,0
1.307386826,46393.64874,18124.30357,16278.27337,0.00073973,11914.21615,0,0.000138795,76.84906887,0.000194313,0,0.00116764,0,0,0.000111036,0,0.000550333,0.003682634
1.31260992,46777.13316,18196.71132,16343.30611,0.0006391,11961.8142,0.00090469,0,275.2954466,0.00038296,0.0012976,0.00064755,0.000899715,0,0.00077687,0,0,0.00053078
1.317833014,47160.61726,18269.11907,16408.33886,0.00053847,12009.41226,0.000769148,0,473.7418243,0.000571607,0.00096542,0.00012746,0.001933378,0.00033966,0,0,0,0
1.323056108,47544.10387,18341.52683,16473.3716,0.00043784,12057.01031,0.000633606,0,672.188202,0.000760254,0.00063324,0,0.001013916,0.00069077,0.000155413,0.000505494,5.72E-05,0.002039572
1.328279202,47927.58767,18413.93458,16538.40434,0.00033721,12104.60837,0.000498064,0,870.6345797,0.000948901,0.00030106,0,9.45E-05,0.00104188,0.000821247,0.001212336,0.000543816,0
1.333502296,48311.07426,18486.34233,16603.43709,0.00023658,12152.20642,0.000362522,0,1069.080957,0,0,0,0,0.00139299,0,0.001919178,0,0.003548364
1.33872539,48694.55248,18558.75008,16668.46983,0.00013595,12199.80448,0.00022698,0,1267.525382,0,0,0,0,0.0017441,0.00019979,0,0,0.00039651
1.343948484,49078.04037,18631.15783,16733.50257,3.53E-05,12247.40253,9.14E-05,0,1465.973713,0,0,0.00143326,0.001242318,0,0.000865624,0,5.06E-05,0
1.349171578,49461.52438,18703.56559,16798.53532,0,12295.00059,0,0.00093776,1664.418137,0,0,0.00091317,0.000322856,0,0,0.000133454,0.000537299,0.001905302
1.354394672,49845.00683,18775.97334,16863.56806,0,12342.59865,0,0.00079349,1862.864515,0,0,0.00039308,0,0,0.000244167,0.000840296,0,0
1.359617766,50228.49614,18848.38109,16928.6008,0,12390.1967,0,0.00064922,2061.310893,0.000127658,0,0,0,0,0.000910001,0.001547138,0,0.003414094
1.36484086,50611.9789,18920.78884,16993.63355,0,12437.79476,0,0.00050495,2259.757271,0.000316305,0.00188205,0,0.00147072,0,0,0,4.41E-05,0.00026224
1.370063954,50995.46313,18993.19659,17058.66629,0,12485.39281,0,0.00036068,2458.203648,0.000504952,0.00154987,0,0.000551258,0,0.000288544,0,0.000530782,0
1.375287048,51378.94942,19065.60435,17123.69903,0,12532.99087,0,0.00021641,2656.650026,0.000693599,0.00121769,0,0,0.00029562,0.000954378,0,0,0.001771032
1.380510142,51762.43386,19138.0121,17188.73178,0,12580.58892,0,7.21E-05,2855.096404,0.000882246,0.00088551,0.00169888,0,0.00064673,0,0.000468256,0,0
1.385733236,52145.92435,19210.41985,17253.76452,0,12628.18698,0.000960227,0,3053.542781,0,0.00055333,0.00117879,0.001699122,0.00099784,0.000332921,0.001175098,3.76E-05,0.003279824
1.39095633,52529.40543,19282.8276,17318.79726,0,12675.78504,0.000824685,0,3251.989159,0,0.00022115,0.0006587,0.00077966,0.00134895,0,0.00188194,0.000524265,0.00012797
1.396179424,52912.88652,19355.23535,17383.83001,0,12723.38309,0.000689143,0,3450.435537,0,0,0.00013861,0,0.00170006,0,0,0,0
1.401402518,53296.37237,19427.64311,17448.86275,0.000881515,12770.98115,0.000553601,0,3648.881914,0,0,0,0,0,0.000377298,0,0,0.001636762
1.406625612,53679.8571,19500.05086,17513.8955,0.000780885,12818.5792,0.000418059,0,3847.328292,0,0,0,0.001927524,0,0,9.62E-05,3.11E-05,0
1.411848706,54063.34332,19572.45861,17578.92824,0.000680255,12866.17726,0.000282517,0,4045.772717,6.10E-05,0,0,0.001008062,0,0,0.000803058,0.000517748,0.003145554
1.4170718,54446.82575,19644.86636,17643.96098,0.000579625,12913.77531,0.000146975,0,4244.219094,0.00024965,0,0,8.86E-05,0,0.000421675,0.0015099,0.0010044,0
1.422294894,54830.31094,19717.27412,17708.99373,0,12961.37337,1.14E-05,0.000871105,4442.665472,0.000438297,0,0.00144441,0,0,0,0,0.001491052,0
1.427517988,55213.79719,19789.68187,17774.02647,0,13008.97142,0,0.000726835,4641.11185,0.000626944,0.00180214,0.00092432,0,0,0,0,0,0.001502492
1.432741082,55597.28177,19862.08962,17839.05921,0,13056.56948,0,0.000582565,4839.558228,0.000815591,0.00146996,0.00040423,0.001236464,0.00025158,0.000466052,0,0,0
1.437964176,55980.76741,19934.49737,17904.09196,0,13104.16754,0,0.000438295,5038.004605,0,0.00113778,0,0.000317002,0.00060269,0,0.000431018,0,0.003011284
1.44318727,56364.24959,20006.90512,17969.1247,0,13151.76559,0,0.000294025,5236.450983,0,0.0008056,0,0,0.0009538,0,0.00113786,0,0
1.448410364,56747.73756,20079.31288,18034.15744,0.00192897,13199.36365,0,0.000149755,5434.897361,0,0.00047342,0,0,0.00130491,0.000510429,0.001844702,1.81E-05,0
1.453633458,57131.22322,20151.72063,18099.19019,0.00182834,13246.9617,0,5.48E-06,5633.343738,0,0.00014124,0,0.001464866,0.00165602,0,0,0.000504714,0.001368222
1.458856552,57514.70792,20224.12838,18164.22293,0.00172771,13294.55976,0,0,5831.790116,0.001758826,0,0.00171003,0.000545404,0,0,0,0.000991366,0
1.464079646,57898.19478,20296.53613,18229.25567,0.00162708,13342.15781,0.000880222,0,6030.236494,0,0,0.00118994,0,0,0.000554806,5.90E-05,0.001478018,0.002877014
1.46930274,58281.6728,20368.94388,18294.28842,0.00152645,13389.75587,0.00074468,0,6228.680918,0,0,0.00066985,0,0,0,0.00076582,0,0
1.474525834,58665.16169,20441.35164,18359.32116,0.00142582,13437.35393,0.000609138,0,6427.129249,0.000371642,0,0.00014976,0.001693268,0,0,0.001472662,0,0
1.479748928,59048.64335,20513.75939,18424.3539,0.00132519,13484.95198,0.000473596,0,6625.573674,0,0,0,0.000773806,0,0.000599183,0,0,0.001233952
1.484972022,59432.12619,20586.16714,18489.38665,0.00122456,13532.55004,0.000338054,0,6824.020052,0.000748936,0,0,0,0,0,0,0,0
1.490195116,59815.61576,20658.57489,18554.41939,0.00112393,13580.14809,0.000202512,0.00094872,7022.466429,0,0.00172223,0,0,0.00020754,0,0,5.03E-06,0.002742744
1.49541821,60199.10215,20730.98265,18619.45213,0.0010233,13627.74615,6.70E-05,0.00080445,7220.912807,0.00112623,0.00139005,0,0.00192167,0.00055865,0.00064356,0.00039378,0.00049168,0
1.500641304,60582.58675,20803.3904,18684.48488,0.00092267,13675.3442,0,0.00066018,7419.359185,0,0.00105787,0.00145556,0.001002208,0.00090976,0,0.001100622,0.000978332,0
1.505864398,60966.07383,20875.79815,18749.51762,0.00082204,13722.94226,0,0.00051591,7617.805562,0.001503524,0.00072569,0.00093547,8.27E-05,0.00126087,2.21E-05,0.001807464,0.001464984,0.001099682
1.511087492,61349.55467,20948.2059,18814.55036,0.00072141,13770.54031,0,0.00037164,7816.25194,0,0.00039351,0.00041538,0,0.00161198,0.000687937,0,0.001951636,0
1.516310586,61733.03885,21020.61365,18879.58311,0.00062078,13818.13837,0,0.00022737,8014.698318,0.001880818,6.13E-05,0,0,0,0,0,0,0.002608474
1.52153368,62116.52042,21093.02141,18944.61585,0.00052015,13865.73643,0,8.31E-05,8213.144695,0.00011634,0,0,0.00123061,0,6.65E-05,2.17E-05,0,0
1.526756774,62500.0055,21165.42916,19009.64859,0.00041952,13913.33448,0,0,8411.591073,0,0,0,0.000311148,0,0.000732314,0.000728582,0,0
1.531979868,62883.49145,21237.83691,19074.68134,0.00031889,13960.93254,0,0,8610.037451,0.000493634,0,0,0,0,0,0.001435424,0,0.000965412
1.537202962,63266.97682,21310.24466,19139.71408,0.00021826,14008.53059,0.000935759,0,8808.481875,0,0,0.00172118,0,0,0.000110857,0.002142266,0.000478646,0
1.542426056,63650.46961,21382.65241,19204.74682,0.00011763,14056.12865,0.000800217,0,9006.930206,0.000870928,0,0.00120109,0.001459012,0,0.000776691,0.002849108,0.000965298,0.002474204
1.54764915,64033.94814,21455.06017,19269.77957,1.70E-05,14103.7267,0.000664675,0,9205.374631,0,0,0.000681,0.00053955,0.0001635,0,0.00355595,0.00145195,0
1.552872244,64417.43219,21527.46792,19334.81231,0,14151.32476,0.000529133,0,9403.821009,0.001248222,0.00164232,0.00016091,0,0.00051461,0.000155234,0,0.001938602,0
1.558095338,64800.91515,21599.87567,19399.84505,0,14198.92282,0.000393591,0,9602.267386,0,0.00131014,0,0,0.00086572,0.000821068,0,0,0.000831142
1.563318432,65184.4025,21672.28342,19464.8778,0,14246.52087,0.000258049,0.000882065,9800.713764,0.001625516,0.00097796,0,0.001687414,0.00121683,0,0,0,0
1.568541526,65567.88716,21744.69117,19529.91054,0,14294.11893,0.000122507,0.000737795,9999.160142,0,0.00064578,0,0.000767952,0.00156794,0.000199611,0,0,0.002339934
1.57376462,65951.3694,21817.09893,19594.94328,0,14341.71698,0,0.000593525,10197.60652,0,0.0003136,0,0,0.00191905,0.000865445,0,0,0
1.578987714,66334.85711,21889.50668,19659.97603,0,14389.31504,0,0.000449255,10396.0529,0.000238332,0,0.00146671,0,0,0,0,0.000465612,0.003848726
1.584210808,66718.34132,21961.91443,19725.00877,0,14436.91309,0,0.000304985,10594.49927,0,0,0.00094662,0.001915816,0,0.000243988,0.000691344,0.000952264,0.000696872
1.589433902,67101.82644,22034.32218,19790.04151,0,14484.51115,0,0.000160715,10792.94565,0.000615626,0,0.00042653,0.000996354,0,0.000909822,0.001398186,0.001438916,0
1.594656996,67485.31176,22106.72994,19855.07426,0,14532.1092,0,1.64E-05,10991.39203,0,0,0,7.69E-05,0,0,0.002105028,0.001925568,0.002205664
1.59988009,67868.79445,22179.13769,19920.107,0,14579.70726,0,0,11189.83841,0.00099292,0,0,0,0,0.000288365,0.00281187,0,0
1.605103184,68252.28359,22251.54544,19985.13974,0,14627.30532,0,0,11388.28479,0,0,0,0,0.00011946,0.000954199,0.003518712,0,0.003714456
1.610326278,68635.76378,22323.95319,20050.17249,0,14674.90337,0,0,11586.72921,0.001370214,0.00189459,0,0.001224756,0.00047057,0,0,0,0.000562602
1.615549372,69019.2488,22396.36094,20115.20523,0,14722.50143,0.000855754,0,11785.17559,0,0.00156241,0.00173233,0.000305294,0.00082168,0.000332742,0,0,0
1.620772466,69402.73555,22468.7687,20180.23797,0,14770.09948,0.000720212,0,11983.62197,0.001747508,0.00123023,0.00121224,0,0,0,0,0.000452578,0.002071394
1.62599556,69786.21769,22541.17645,20245.27072,0,14817.69754,0.00058467,0,12182.06834,0,0.00089805,0.00069215,0,0.0015239,0,0,0.00093923,0
1.631218654,70169.70696,22613.5842,20310.30346,0,14865.29559,0.000449128,0.00095968,12380.51472,0,0.00056587,0.00017206,0.001453158,0,0.000377119,0,0.001425882,0.003580186
1.636441748,70553.18973,22685.99195,20375.3362,0,14912.89365,0.000313586,0.00081541,12578.9611,0.000360324,0.00023369,0,0.000533696,0.00222612,0,0,0.001912534,0.000428332
1.641664842,70936.66934,22758.3997,20440.36895,0,14960.49171,0.000178044,0.00067114,12777.40748,0,0,0,0,0,0,0.000654106,0,0
1.646887936,71320.16072,22830.80746,20505.40169,0,15008.08976,4.25E-05,0.00052687,12975.85385,0.000737618,0,0,0,0.00292834,0.000421496,0.001360948,0,0.001937124
1.65211103,71703.64373,22903.21521,20570.43443,0.00191065,15055.68782,0,0.0003826,13174.30023,0,0,0,0.00168156,0,0,0.00206779,0,0
1.657334124,72087.13787,22975.62296,20635.46718,0.00181002,15103.28587,0,0.00023833,13372.74661,0.001114912,0,0.00147786,0.000762098,0.00363056,0,0.002774632,0,0.003445916
1.662557218,72470.61507,23048.03071,20700.49992,0.00170939,15150.88393,0,9.41E-05,13571.19299,0,0,0.00095777,0,7.54E-05,0.000465873,0.003481474,0.000439544,0.000294062
1.667780312,72854.09694,23120.43847,20765.53266,0.00160876,15198.48198,0,0,13769.63937,0.001492206,0,0.00043768,0,0,0,0,0.000926196,0
1.673003406,73237.58468,23192.84622,20830.56541,0.00150813,15246.08004,0,0,13968.08379,0,0.00181468,0,0.001909962,0.00077764,0,0,0.001412848,0.001802854
1.6782265,73621.06854,23265.25397,20895.59815,0.0014075,15293.67809,0,0,14166.53017,0.0018695,0.0014825,0,0.0009905,0,0.00051025,0,0.0018995,0
1.683449594,74004.55274,23337.66172,20960.63089,0.00130687,15341.27615,0,0,14364.97655,0.000105022,0.00115032,0,7.10E-05,0.00147986,0,0,0,0.003311646
1.688672688,74388.03334,23410.06947,21025.66364,0.00120624,15388.87421,0.000911291,0,14563.42292,0,0.00081814,0,0,0,0,0,0,0.000159792
1.693895782,74771.5225,23482.47723,21090.69638,0.00110561,15436.47226,0.000775749,0,14761.8693,0.000482316,0.00048596,0.00174348,0,0.00218208,0.000554627,0,0,0
1.699118876,75155.00662,23554.88498,21155.72913,0.00100498,15484.07032,0.000640207,0,14960.31568,0,0.00015378,0.00122339,0.001218902,0,0,0.000616868,0,0.001668584
1.70434197,75538.49383,23627.29273,21220.76187,0.00090435,15531.66837,0.000504665,0.000893025,15158.76206,0.00085961,0,0.0007033,0.00029944,0.0028843,0,0.00132371,0.00042651,0
1.709565064,75921.97878,23699.70048,21285.79461,0.00080372,15579.26643,0.000369123,0.000748755,15357.20843,0,0,0.00018321,0,0,0.000599004,0.002030552,0.000913162,0.003177376
1.714788158,76305.46541,23772.10823,21350.82736,0.00070309,15626.86448,0.000233581,0.000604485,15555.65481,0.001236904,0,0,0,0.00358652,0,0.002737394,0.001399814,2.55E-05
1.720011252,76688.94778,23844.51599,21415.8601,0.00060246,15674.46254,9.80E-05,0.000460215,15754.10119,0,0,0,0.001447304,3.14E-05,0,0.003444236,0.001886466,0
1.725234346,77072.42988,23916.92374,21480.89284,0.00050183,15722.0606,0,0.000315945,15952.54757,0.001614198,0,0,0.000527842,0,0.000643381,0,0,0.001534314
1.73045744,77455.91098,23989.33149,21545.92559,0.0004012,15769.65865,0,0.000171675,16150.99394,0,0,0,0,0.0007336,0,0,0,0
1.735680534,77839.40122,24061.73924,21610.95833,0.00030057,15817.25671,0,2.74E-05,16349.44032,0,0.00173477,0.00148901,0,0,2.19E-05,0,0,0.003043106
1.740903628,78222.88417,24134.147,21675.99107,0.00019994,15864.85476,0,0,16547.88475,0.000227014,0.00140259,0.00096892,0.001675706,0.00143582,0.000687758,0,0,0
1.746126722,78606.36529,24206.55475,21741.02382,9.93E-05,15912.45282,0,0,16746.33112,0,0.00107041,0.00044883,0.000756244,0,0,0,0.000413476,0
1.751349816,78989.85328,24278.9625,21806.05656,0,15960.05087,0,0,16944.7775,0.000604308,0.00073823,0,0,0.00213804,6.63E-05,0,0.000900128,0.001400044
1.75657291,79373.33547,24351.37025,21871.0893,0,16007.64893,0,0,17143.22388,0,0.00040605,0,0,0,0.000732135,0.00057963,0.00138678,0
1.761796004,79756.83013,24423.778,21936.12205,0,16055.24698,0.000966828,0,17341.67026,0.000981602,7.39E-05,0,0.001904108,0.00284026,0,0.001286472,0.001873432,0.002908836
1.767019098,80140.30614,24496.18576,22001.15479,0,16102.84504,0.000831286,0,17540.11664,0,0,0,0.000984646,0,0.000110678,0.001993314,0,0
1.772242192,80523.79901,24568.59351,22066.18753,0,16150.4431,0.000695744,0.00097064,17738.56301,0.001358896,0,0.00175463,6.52E-05,0.00354248,0.000776512,0.002700156,0,0
1.777465286,80907.27937,24641.00126,22131.22028,0,16198.04115,0.000560202,0.00082637,17937.00939,0,0,0.00123454,0,0,0,0.003406998,0,0.001265774
1.78268838,81290.76665,24713.40901,22196.25302,0,16245.63921,0.00042466,0.0006821,18135.45577,0.00173619,0,0.00071445,0,0,0.000155055,0,0,0.00592642
1.787911474,81674.24608,24785.81676,22261.28576,0,16293.23726,0.000289118,0.00053783,18333.90215,0,0,0.00019436,0.001213048,0.00068956,0.000820889,0,0.000400442,0
1.793134568,82057.72859,24858.22452,22326.31851,0,16340.83532,0.000153576,0.00039356,18532.34852,0,0,0,0.000293586,0,0,0,0.000887094,0
1.798357662,82441.21936,24930.63227,22391.35125,0,16388.43337,1.80E-05,0.00024929,18730.79295,0.000349006,0.00165486,0,0,0.00139178,0.000199432,0,0.001373746,0.004283358
1.803580756,82824.69892,25003.04002,22456.38399,0,16436.03143,0,0.00010502,18929.23933,0,0.00132268,0,0,0,0.000865266,0,0.001860398,0
1.80880385,83208.18495,25075.44777,22521.41674,0,16483.62949,0,0,19127.6857,0.0007263,0.0009905,0,0.00144145,0.002094,0,0,0,0
1.814026944,83591.67073,25147.85552,22586.44948,0,16531.22754,0,0,19326.13208,0,0.00065832,0.00150016,0.000521988,0,0.000243809,0.000542392,0,0.002640296
1.819250038,83975.16422,25220.26328,22651.48222,0,16578.8256,0,0,19524.57846,0.001103594,0.00032614,0.00098007,0,0.00279622,0.000909643,0.001249234,0,0.007300942
1.824473132,84358.6369,25292.67103,22716.51497,0,16626.42365,0,0,19723.02484,0,0,0.00045998,0,0,0,0.001956076,0,0
1.829696226,84742.1304,25365.07878,22781.54771,0,16674.02171,0,0,19921.47121,0.001480888,0,0,0.001669852,0.00349844,0.000288186,0.002662918,0.000387408,0.000997234
1.83491932,85125.61595,25437.48653,22846.58045,0,16721.61976,0,0,20119.91759,0,0,0,0.00075039,0,0.00095402,0.00336976,0.00087406,0.00565788
1.840142414,85509.09338,25509.89429,22911.6132,0,16769.21782,0.000886823,0,20318.36397,0.001858182,0,0,0,0,0,0,0.001360712,0
1.845365508,85892.57877,25582.30204,22976.64594,0,16816.81587,0.000751281,0.000903985,20516.81035,9.37E-05,0,0,0,0.00064552,0.000332563,0,0.001847364,0
1.850588602,86276.06818,25654.70979,23041.67868,0,16864.41393,0.000615739,0.000759715,20715.25673,0,0,0.00176578,0.001898254,0,0,0,0,0.004014818
1.855811696,86659.553,25727.11754,23106.71143,0.00189233,16912.01199,0.000480197,0.000615445,20913.7031,0.000470998,0.00190713,0.00124569,0.000978792,0.00134774,0,0,0,0
1.86103479,87043.03433,25799.52529,23171.74417,0.0017917,16959.61004,0.000344655,0.000471175,21112.14948,0,0.00157495,0.0007256,5.93E-05,0,0.00037694,0,0,0
1.866257884,87426.52286,25871.93305,23236.77691,0.00169107,17007.2081,0.000209113,0.000326905,21310.59586,0.000848292,0.00124277,0.00020551,0,0.00204996,0,0,0,0.002371756
1.871480978,87810.00756,25944.3408,23301.80966,0.00159044,17054.80615,7.36E-05,0.000182635,21509.04028,0,0.00091059,0,0,0,0,0.000505154,0.000374374,0.007032402
1.876704072,88193.49161,26016.74855,23366.8424,0.00148981,17102.40421,0,3.84E-05,21707.48666,0.001225586,0.00057841,0,0.001207194,0.00275218,0.000421317,0.001211996,0.000861026,0
1.881927166,88576.97442,26089.1563,23431.87514,0.00138918,17150.00226,0.001755612,0,21905.93304,0,0.00024623,0,0.000287732,0,0,0.001918838,0.001347678,0.000728694
1.88715026,88960.46949,26161.56405,23496.90789,0.00128855,17197.60032,0.00162007,0,22104.37942,0.00160288,0,0,0,0.0034544,0,0.00262568,0.00183433,0.00538934
1.892373354,89343.94459,26233.97181,23561.94063,0.00118792,17245.19838,0.001484528,0,22302.82579,0,0,0.00151131,0,0,0.000465694,0.003332522,0,0
1.897596448,89727.4264,26306.37956,23626.97337,0.00108729,17292.79643,0.001348986,0,22501.27217,0,0,0.00099122,0.001435596,0,0,0,0,0
1.902819542,90110.91421,26378.78731,23692.00612,0.00098666,17340.39449,0.001213444,0,22699.71855,0.000215696,0,0.00047113,0.000516134,0.00060148,0,0,0,0.003746278
1.908042636,90494.39387,26451.19506,23757.03886,0.00088603,17387.99254,0.001077902,0,22898.16493,0,0,0,0,0,0.000510071,0,0,0
1.91326573,90877.88031,26523.60282,23822.0716,0.0007854,17435.5906,0.00094236,0,23096.6113,0.00059299,0,0,0,0.0013037,0,0,0.00036134,0
1.918488824,91261.37002,26596.01057,23887.10435,0.00068477,17483.18865,0.000806818,0.00083733,23295.05768,0,0.00182722,0,0.001663998,0,0,0,0.000847992,0.002103216
1.923711918,91644.862,26668.41832,23952.13709,0.00058414,17530.78671,0.000671276,0.00069306,23493.50406,0.000970284,0.00149504,0,0.000744536,0.00200592,0.000554448,0,0.001334644,0.006763862
1.928935012,92028.33613,26740.82607,24017.16983,0.00048351,17578.38476,0.000535734,0.00054879,23691.95044,0,0.00116286,0,0,0,0,0.000467916,0.001821296,0
1.934158106,92411.82179,26813.23382,24082.20258,0.00038288,17625.98282,0.000400192,0.00040452,23890.39486,0.001347578,0.00083068,0,0,0.00270814,0,0.001174758,0,0.000460154
1.9393812,92795.30981,26885.64158,24147.23532,0.00028225,17673.58088,0.00026465,0.00026025,24088.84124,0,0.0004985,0,0.0018924,0,0.000598825,0.0018816,0,0.0051208
1.944604294,93178.79323,26958.04933,24212.26806,0.00018162,17721.17893,0.000129108,0.00011598,24287.28762,0.001724872,0.00016632,0,0.000972938,0.00341036,0,0.002588442,0,0
1.949827388,93562.2759,27030.45708,24277.30081,8.10E-05,17768.77699,0,0,24485.734,0,0,0.00360282,5.35E-05,0,0,0.003295284,0,0
1.955050482,93945.76135,27102.86483,24342.33355,0,17816.37504,0,0,24684.18037,0,0,0.00308273,0,0,0.000643202,0,0.000348306,0.003477738
1.960273576,94329.24302,27175.27258,24407.36629,0,17863.9731,0,0,24882.62675,0.000337688,0,0.00256264,0,0.00055744,0,0,0.000834958,0
1.96549667,94712.72824,27247.68034,24472.39904,0,17911.57115,0,0,25081.07313,0,0,0.00204255,0.00120134,0,2.17E-05,0,0.00132161,0
1.970719764,95096.2167,27320.08809,24537.43178,0,17959.16921,0,0,25279.51951,0.000714982,0,0.00152246,0.000281878,0.00125966,0.000687579,0,0.001808262,0.001834676
1.975942858,95479.70101,27392.49584,24602.46453,0,18006.76727,0,0,25477.96588,0,0,0.00100237,0,0,0,0,0,0.006495322
1.981165952,95863.18379,27464.90359,24667.49727,0,18054.36532,0,0,25676.41226,0.001092276,0.00174731,0.00048228,0,0.00196188,6.61E-05,0,0,0
1.986389046,96246.66849,27537.31134,24732.53001,0,18101.96338,0,0.000914945,25874.85864,0,0.00141513,0,0.001429742,0,0.000731956,0.000430678,0,0.000191614
1.99161214,96630.15884,27609.7191,24797.56276,0,18149.56143,0,0.000770675,26073.30306,0.00146957,0.00108295,0,0.00051028,0.0026641,0,0.00113752,0,0.00485226
1.996835234,97013.63494,27682.12685,24862.5955,0,18197.15949,0,0.000626405,26271.74944,0,0.00075077,0,0,0,0.000110499,0.001844362,0.000335272,0
2.002058328,97397.12647,27754.5346,24927.62824,0,18244.75754,0,0.000482135,26470.19582,0.001846864,0.00041859,0,0,0.00336632,0.000776333,0.002551204,0.000821924,0
2.007281422,97780.61107,27826.94235,24992.66099,0,18292.3556,0,0.000337865,26668.6422,8.24E-05,8.64E-05,0,0.001658144,0,0,0.003258046,0.001308576,0.003209198
2.012504516,98164.08895,27899.35011,25057.69373,0,18339.95365,0,0.000193595,26867.08857,0,0,0,0.000738682,0,0.000154876,0,0.001795228,0
2.01772761,98547.57284,27971.75786,25122.72647,0,18387.55171,0,4.93E-05,27065.53495,0.00045968,0,0,0,0.0005134,0.00082071,0,0,0
2.022950704,98931.05749,28044.16561,25187.75922,0,18435.14977,0,0,27263.98133,0,0,0,0,0,0,0,0,0.001566136
2.028173798,99314.5567,28116.57336,25252.79196,0,18482.74782,0.001866686,0,27462.42771,0.000836974,0,0.00361397,0.001886546,0.00121562,0.000199253,0,0,0.006226782
2.033396892,99698.03244,28188.98111,25317.8247,0,18530.34588,0.001731144,0,27660.87409,0,0,0.00309388,0.000967084,0,0.000865087,0,0,0
2.038619986,100081.5184,28261.38887,25382.85745,0,18577.94393,0.001595602,0,27859.32046,0.001214268,0,0.00257379,4.76E-05,0.00191784,0,0,0.000322238,0
2.04384308,100465.0081,28333.79662,25447.89019,0,18625.54199,0.00146006,0.0012811,28057.76684,0,0.0016674,0.0020537,0,0,0.00024363,0.00039344,0.00080889,0.00458372
2.049066174,100848.4934,28406.20437,25512.92293,0,18673.14004,0.001324518,0.00113683,28256.21322,0.001591562,0.00133522,0.00153361,0,0.00262006,0.000909464,0.001100282,0.001295542,0
2.054289268,101231.9745,28478.61212,25577.95568,0,18720.7381,0.001188976,0.00099256,28454.6596,0,0.00100304,0.00101352,0.001195486,0,0,0.001807124,0.001782194,0
2.059512362,101615.4647,28551.01987,25642.98842,0.00187401,18768.33615,0.001053434,0.00084829,28653.10597,0,0.00067086,0.00049343,0.000276024,0.00332228,0.000288007,0.002513966,0,0.002940658
2.064735456,101998.9491,28623.42763,25708.02116,0.00177338,18815.93421,0.000917892,0.00070402,28851.5504,0.000204378,0.00033868,0,0,0,0.000953841,0.003220808,0,0.007601304
2.06995855,102382.4223,28695.83538,25773.05391,0.00167275,18863.53227,0.00078235,0.00055975,29049.99775,0,6.50E-06,0,0,0,0,0,0,0
2.075181644,102765.91,28768.24313,25838.08665,0.00157212,18911.13032,0.000646808,0.00041548,29248.44315,0.000581672,0,0,0.001423888,0.00046936,0.000332384,0,0,0.001297596
2.080404738,103149.3972,28840.65088,25903.11939,0.00147149,18958.72838,0.000511266,0.00027121,29446.88953,0,0,0,0.000504426,0,0,0,0.000309204,0.005958242
2.085627832,103532.8779,28913.05864,25968.15214,0.00137086,19006.32643,0.000375724,0.00012694,29645.33591,0.000958966,0,0,0,0.00117158,0,0,0.000795856,0
2.090850926,103916.3612,28985.46639,26033.18488,0.00127023,19053.92449,0.000240182,0,29843.78229,0,0,0,0,0,0.000376761,0,0.001282508,0
2.09607402,104299.8552,29057.87414,26098.21762,0.0011696,19101.52254,0.00010464,0,30042.22867,0.00133626,0,0,0.00165229,0.0018738,0,0,0.00176916,0.00431518
2.101297114,104683.332,29130.28189,26163.25037,0.00106897,19149.1206,0,0,30240.67504,0,0.00191967,0,0.000732828,0,0,0.000356202,0,0
2.106520208,105066.8248,29202.68964,26228.28311,0.00096834,19196.71866,0,0,30439.12142,0.001713554,0.00158749,0.00362512,0,0.00257602,0.000421138,0.001063044,0,0
2.111743302,105450.3074,29275.0974,26293.31585,0.00086771,19244.31671,0,0,30637.5678,0,0.00125531,0.00310503,0,0,0,0.001769886,0,0.002672118
2.116966396,105833.801,29347.50515,26358.3486,0.00076708,19291.91477,0,0,30836.0132,0,0.00092313,0.00258494,0.001880692,0.00327824,0,0.002476728,0,0.007332764
2.12218949,106217.2752,29419.9129,26423.38134,0.00066645,19339.51282,0,0,31034.45958,0.00032637,0.00059095,0.00206485,0.00096123,0,0.000465515,0.00318357,0.00029617,0
2.127412584,106600.7597,29492.32065,26488.41408,0.00056582,19387.11088,0,0,31232.90595,0,0.00025877,0.00154476,4.18E-05,0,0,0.003890412,0.000782822,0.001029056
2.132635678,106984.2461,29564.7284,26553.44683,0.00046519,19434.70893,0,0,31431.35233,0.000703664,0,0.00102467,0,0.00042532,0,0,0.001269474,0.005689702
2.137858772,107367.7246,29637.13616,26618.47957,0.00036456,19482.30699,0,0,31629.79871,0,0,0.00050458,0,0,0.000509892,0,0.001756126,0
2.143081866,107751.21,29709.54391,26683.51231,0.00026393,19529.90504,0,0,31828.24509,0.001080958,0,0,0.001189632,0.00112754,0,0,0,0
2.14830496,108134.6958,29781.95166,26748.54506,0.0001633,19577.5031,0,0,32026.69147,0,0,0,0.00027017,0,0,0,0,0.00404664
2.153528054,108518.1791,29854.35941,26813.5778,6.27E-05,19625.10116,0,0,32225.13687,0.001458252,0,0,0,0.00182976,0.000554269,0,0,0
2.158751148,108901.6605,29926.76716,26878.61054,0,19672.69921,0,0,32423.58324,0,0,0,0,0,0,0.000318964,0,0
2.163974242,109285.1583,29999.17492,26943.64329,0,19720.29727,0,0.00186914,32622.02962,0.001835546,0.00183976,0,0.001418034,0.00253198,0,0.001025806,0.000283136,0.002403578
2.169197336,109668.644,30071.58267,27008.67603,0,19767.89532,0,0.00172487,32820.476,7.11E-05,0.00150758,0,0.000498572,0,0.000598646,0.001732648,0.000769788,0.007064224
2.17442043,110052.1246,30143.99042,27073.70877,0,19815.49338,0,0.0015806,33018.92238,0,0.0011754,0,0,0.0032342,0,0.00243949,0.00125644,0
2.179643524,110435.6091,30216.39817,27138.74152,0,19863.09143,0.001842218,0.00143633,33217.36778,0.000448362,0.00084322,0,0,0,0,0.003146332,0.001743092,0.000760516
2.184866618,110819.1025,30288.80593,27203.77426,0,19910.68949,0.001706676,0.00129206,33415.81416,0,0.00051104,0.00363627,0.001646436,0,0.000643023,0.003853174,0,0.005421162
2.190089712,111202.5767,30361.21368,27268.807,0,19958.28755,0.001571134,0.00114779,33614.26053,0.000825656,0.00017886,0.00311618,0.000726974,0.00038128,0,0,0,0
2.195312806,111586.0587,30433.62143,27333.83975,0,20005.8856,0.001435592,0.00100352,33812.70691,0,0,0.00259609,0,0,2.16E-05,0,0,0
2.2005359,111969.5496,30506.02918,27398.87249,0,20053.48366,0.00130005,0.00085925,34011.15329,0.00120295,0,0.002076,0,0.0010835,0.0006874,0,0,0.0037781
2.205758994,112353.0291,30578.43693,27463.90523,0,20101.08171,0.001164508,0.00071498,34209.59967,0,0,0.00155591,0.001874838,0,0,0,0.000270102,0
2.210982088,112736.5153,30650.84469,27528.93798,0,20148.67977,0.001028966,0.00057071,34408.04507,0.001580244,0,0.00103582,0.000955376,0.00178572,6.59E-05,0,0.000756754,0
2.216205182,113119.9987,30723.25244,27593.97072,0,20196.27782,0.000893424,0.00042644,34606.49145,0,0,0.00051573,3.59E-05,0,0.000731777,0.000281726,0.001243406,0.002135038
2.221428276,113503.4904,30795.66019,27659.00346,0,20243.87588,0.000757882,0.00028217,34804.93782,0,0,0,0,0.00248794,0,0.000988568,0.001730058,0.006795684
2.22665137,113886.9668,30868.06794,27724.03621,0,20291.47393,0.00062234,0.0001379,35003.3842,0.00019306,0.00175985,0,0,0,0.00011032,0.00169541,0,0
2.231874464,114270.4572,30940.47569,27789.06895,0,20339.07199,0.000486798,0,35201.83058,0,0.00142767,0,0.001183778,0.00319016,0.000776154,0.002402252,0,0.000491976
2.237097558,114653.9427,31012.88345,27854.10169,0,20386.67005,0.000351256,0,35400.27696,0.000570354,0.00109549,0,0.000264316,0,0,0.003109094,0,0.005152622
2.242320652,115037.4249,31085.2912,27919.13444,0,20434.2681,0.000215714,0,35598.72236,0,0.00076331,0,0,0.00389238,0.000154697,0.003815936,0,0
2.247543746,115420.9039,31157.69895,27984.16718,0,20481.86616,8.02E-05,0,35797.16874,0.000947648,0.00043113,0,0,0.00033724,0.000820531,0,0.000257068,0
2.25276684,115804.3917,31230.1067,28049.19992,0,20529.46421,0,0,35995.61511,0,9.89E-05,0,0.00141218,0,0,0,0.00074372,0.00350956
2.257989934,116187.8752,31302.51446,28114.23267,0,20577.06227,0,0,36194.06149,0.001324942,0,0,0.000492718,0.00103946,0.000199074,0,0.001230372,0
2.263213028,116571.3639,31374.92221,28179.26541,0.00185569,20624.66032,0,0,36392.50787,0,0,0.00364742,0,0,0.000864908,0,0.001717024,0
2.268436122,116954.8509,31447.32996,28244.29816,0.00175506,20672.25838,0,0,36590.95425,0.001702236,0,0.00312733,0,0.00174168,0,0,0,0.001866498
2.273659216,117338.3386,31519.73771,28309.3309,0.00165443,20719.85644,0,0,36789.40062,0,0,0.00260724,0.001640582,0,0.000243451,0.000244488,0,0.006527144
2.27888231,117721.8193,31592.14546,28374.36364,0.0015538,20767.45449,0,0,36987.847,0,0,0.00208715,0.00072112,0.0024439,0.000909285,0.00095133,0,0
2.284105404,118105.2998,31664.55322,28439.39639,0.00145317,20815.05255,0,0,37186.2924,0.000315052,0,0.00156706,0,0,0,0.001658172,0,0.000223436
2.289328498,118488.7945,31736.96097,28504.42913,0.00135254,20862.6506,0,0,37384.73878,0,0.00167994,0.00104697,0,0.00314612,0.000287828,0.002365014,0.000244034,0.004884082
2.294551592,118872.2749,31809.36872,28569.46187,0.00125191,20910.24866,0,0,37583.18516,0.000692346,0.00134776,0.00052688,0.001868984,0,0.000953662,0.003071856,0.000730686,0
2.299774686,119255.7603,31881.77647,28634.49462,0.00115128,20957.84671,0,0,37781.63056,0,0.00101558,6.79E-06,0.000949522,0.00384834,0,0.003778698,0.001217338,0
2.30499778,119639.2446,31954.18422,28699.52736,0.00105065,21005.44477,0,0.0018801,37980.07791,0.00106964,0.0006834,0,3.01E-05,0.0002932,0.000332205,0,0.00170399,0.00324102
2.310220874,120022.7213,32026.59198,28764.5601,0.00095002,21053.04282,0,0.00173583,38178.52332,0,0.00035122,0,0,0,0,0,0,0
2.315443968,120406.209,32098.99973,28829.59285,0.00084939,21100.64088,0,0.00159156,38376.97067,0.001446934,1.90E-05,0,0,0.00099542,0,0,0,0
2.320667062,120789.6934,32171.40748,28894.62559,0.00074876,21148.23894,0,0.00144729,38575.41607,0,0,0,0.001177924,0,0.000376582,0,0,0.001597958
2.325890156,121173.185,32243.81523,28959.65833,0.00064813,21195.83699,0,0.00130302,38773.86245,0.001824228,0,0,0.000258462,0.00169764,0,0,0,0.006258604
2.33111325,121556.662,32316.22298,29024.69108,0.0005475,21243.43505,0.00181775,0.00115875,38972.30883,5.97E-05,0,0,0,0,0,0.00020725,0.000231,0
2.336336344,121940.1495,32388.63074,29089.72382,0.00044687,21291.0331,0.001682208,0.00101448,39170.75423,0,0,0,0,0.00239986,0.000420959,0.000914092,0.000717652,0
2.341559438,122323.6425,32461.03849,29154.75656,0.00034624,21338.63116,0.001546666,0.00087021,39369.2006,0.000437044,0,0.00365857,0.001406326,0,0,0.001620934,0.001204304,0.004615542
2.346782532,122707.1268,32533.44624,29219.78931,0.00024561,21386.22921,0.001411124,0.00072594,39567.64698,0,0.00193221,0.00313848,0.000486864,0.00310208,0,0.002327776,0.001690956,0
2.352005626,123090.6082,32605.85399,29284.82205,0.00014498,21433.82727,0.001275582,0.00058167,39766.09434,0.000814338,0.00160003,0.00261839,0,0,0.000465336,0.003034618,0,0
2.35722872,123474.0971,32678.26175,29349.85479,4.43E-05,21481.42533,0.00114004,0.0004374,39964.53974,0,0.00126785,0.0020983,0,0.0038043,0,0.00374146,0,0.00297248
2.362451814,123857.5811,32750.6695,29414.88754,0,21529.02338,0.001004498,0.00029313,40162.98612,0.001191632,0.00093567,0.00157821,0.001634728,0.00024916,0,0,0,0.007633126
2.367674908,124241.0554,32823.07725,29479.92028,0,21576.62144,0.000868956,0.00014886,40361.43249,0,0.00060349,0.00105812,0.000715266,0,0.000509713,0,0,0
2.372898002,124624.541,32895.485,29544.95302,0,21624.21949,0.000733414,4.59E-06,40559.87789,0.001568926,0.00027131,0.00053803,0,0.00095138,0,0,0.000217966,0.001329418
2.378121096,125008.0277,32967.89275,29609.98577,0,21671.81755,0.000597872,0,40758.32427,0,0,1.79E-05,0,0,0,0,0.000704618,0.005990064
2.38334419,125391.5129,33040.30051,29675.01851,0,21719.4156,0.00046233,0,40956.77065,0.00194622,0,0,0.00186313,0.0016536,0.00055409,0,0.00119127,0
2.388567284,125774.9935,33112.70826,29740.05125,0,21767.01366,0.000326788,0,41155.21703,0.000181742,0,0,0.000943668,0,0,0.000170012,0.001677922,0
2.393790378,126158.4829,33185.11601,29805.084,0,21814.61171,0.000191246,0,41353.66341,0,0,0,2.42E-05,0.00235582,0,0.000876854,0,0.004347002
2.399013472,126541.9629,33257.52376,29870.11674,0,21862.20977,5.57E-05,0,41552.10978,0.000559036,0,0,0,0,0.000598467,0.001583696,0,0
2.404236566,126925.4494,33329.93151,29935.14948,0,21909.80783,0,0,41750.55518,0,0,0,0,0.00305804,0,0.002290538,0,0
2.40945966,127308.9396,33402.33927,30000.18223,0,21957.40588,0,0,41949.00254,0.00093633,0.0018523,0,0.00117207,0,0,0.00299738,0,0.00270394
2.414682754,127692.4313,33474.74702,30065.21497,0,22005.00394,0,0,42147.44794,0,0.00152012,0,0.000252608,0.00376026,0.000642844,0.003704222,0.000204932,0.007364586
2.419905848,128075.9059,33547.15477,30130.24771,0,22052.60199,0,0,42345.89432,0.001313624,0.00118794,0.00366972,0,0.00020512,0,0,0.000691584,0
2.425128942,128459.39,33619.56252,30195.28046,0,22100.20005,0,0,42544.34069,0,0.00085576,0.00314963,0,0,2.14E-05,0,0.001178236,0.001060878
2.430352036,128842.8839,33691.97028,30260.3132,0,22147.7981,0,0,42742.78707,0.001690918,0.00052358,0.00262954,0.001400472,0.00090734,0.000687221,0,0.001664888,0.005721524
2.43557513,129226.3554,33764.37803,30325.34594,0,22195.39616,0,0,42941.23247,0,0.0001914,0.00210945,0.00048101,0,0,0,0,0
2.440798224,129609.8408,33836.78578,30390.37869,0,22242.99422,0,0,43139.67885,0,0,0.00158936,0,0.00160956,6.58E-05,0,0,0
2.446021318,129993.3307,33909.19353,30455.41143,0,22290.59227,0,0.00189106,43338.12523,0.000303734,0,0.00106927,0,0,0.000731598,0.000132774,0,0.004078462
2.451244412,130376.8145,33981.60128,30520.44417,0,22338.19033,0,0.00174679,43536.57161,0,0,0.00054918,0.001628874,0.00231178,0,0.000839616,0,0
2.456467506,130760.2972,34054.00904,30585.47692,0,22385.78838,0,0.00160252,43735.01798,0.000681028,0,2.91E-05,0.000709412,0,0.000110141,0.001546458,0.000191898,0
2.4616906,131143.7898,34126.41679,30650.50966,0.001938,22433.38644,0,0.00145825,43933.46436,0,0,0,0,0.003014,0.000775975,0.0022533,0.00067855,0.0024354
2.466913694,131527.2776,34198.82454,30715.5424,0.00183737,22480.98449,0,0.00131398,44131.91074,0.001058322,0,0,0,0,0,0.002960142,0.001165202,0.007096046
2.472136788,131910.7628,34271.23229,30780.57515,0.00173674,22528.58255,0,0.00116971,44330.35712,0,0.00177239,0,0.001857276,0.00371622,0.000154518,0.003666984,0.001651854,0
2.477359882,132294.2412,34343.64004,30845.60789,0.00163611,22576.1806,0.001928824,0.00102544,44528.80252,0.001435616,0.00144021,0,0.000937814,0.00016108,0.000820352,0,0,0.000792338
2.482582976,132677.7268,34416.0478,30910.64063,0.00153548,22623.77866,0.001793282,0.00088117,44727.2489,0,0.00110803,0,1.84E-05,0,0,0,0,0.005452984
2.48780607,133061.2084,34488.45555,30975.67338,0.00143485,22671.37672,0.00165774,0.0007369,44925.69527,0.00181291,0.00077585,0,0,0.0008633,0.000198895,0,0,0
2.493029164,133444.6907,34560.8633,31040.70612,0.00133422,22718.97477,0.001522198,0.00059263,45124.14165,4.84E-05,0.00044367,0,0,0,0.000864729,0,0,0
2.498252258,133828.1834,34633.27105,31105.73886,0.00123359,22766.57283,0.001386656,0.00044836,45322.58705,0,0.00011149,0.00368087,0.001166216,0.00156552,0,0,0.000178864,0.003809922
2.503475352,134211.6632,34705.6788,31170.77161,0.00113296,22814.17088,0.001251114,0.00030409,45521.03441,0.000425726,0,0.00316078,0.000246754,0,0.000243272,9.55E-05,0.000665516,0
2.508698446,134595.1497,34778.08656,31235.80435,0.00103233,22861.76894,0.001115572,0.00015982,45719.47981,0,0,0.00264069,0,0.00226774,0.000909106,0.000802378,0.001152168,0
2.51392154,134978.6348,34850.49431,31300.83709,0.0009317,22909.36699,0.00098003,1.55E-05,45917.92619,0.00080302,0,0.0021206,0,0,0,0.00150922,0.00163882,0.00216686
2.519144634,135362.1265,34922.90206,31365.86984,0.00083107,22956.96505,0.000844488,0,46116.37256,0,0,0.00160051,0.001394618,0.00296996,0.000287649,0.002216062,0,0.006827506
2.524367728,135745.6025,34995.30981,31430.90258,0.00073044,23004.56311,0.000708946,0,46314.81894,0.001180314,0,0.00108042,0.000475156,0,0.000953483,0.002922904,0,0
2.529590822,136129.089,35067.71757,31495.93532,0.00062981,23052.16116,0.000573404,0,46513.26532,0,0,0.00056033,0,0.00367218,0,0.003629746,0,0.000523798
2.534813916,136512.5732,35140.12532,31560.96807,0.00052918,23099.75922,0.000437862,0,46711.71072,0.001557608,0.00169248,4.02E-05,0,0.00011704,0.000332026,0,0,0.005184444
2.54003701,136896.0521,35212.53307,31626.00081,0.00042855,23147.35727,0.00030232,0,46910.1571,0,0.0013603,0,0.00162302,0,0,0,0.00016583,0
2.545260104,137279.5388,35284.94082,31691.03355,0.00032792,23194.95533,0.000166778,0,47108.60348,0.001934902,0.00102812,0,0.000703558,0.00081926,0,0,0.000652482,0
2.550483198,137663.0243,35357.34857,31756.0663,0.00022729,23242.55338,3.12E-05,0,47307.04985,0.000170424,0.00069594,0,0,0,0.000376403,0,0.001139134,0.003541382
2.555706292,138046.5067,35429.75633,31821.09904,0.00012666,23290.15144,0,0,47505.49623,0,0.00036376,0,0,0.00152148,0,0,0.001625786,0
2.560929386,138429.9895,35502.16408,31886.13179,2.60E-05,23337.74949,0,0,47703.94163,0.000547718,3.16E-05,0,0.001851422,0,0,5.83E-05,0,0
2.56615248,138813.4791,35574.57183,31951.16453,0,23385.34755,0,0,47902.38899,0,0,0,0.00093196,0.0022237,0.00042078,0.00076514,0,0.00189832
2.571375574,139196.9669,35646.97958,32016.19727,0,23432.94561,0,0,48100.83439,0.000925012,0,0,1.25E-05,0,0.001086614,0.001471982,0,0.006558966
2.576598668,139580.4523,35719.38733,32081.23002,0,23480.54366,0,0,48299.28077,0,0,0.00369202,0,0.00292592,0.001752448,0.002178824,0,0
2.581821762,139963.9345,35791.79509,32146.26276,0,23528.14172,0,0,48497.72714,0.001302306,0,0.00317193,0,0,0,0.002885666,0.000152796,0.000255258
2.587044856,140347.4301,35864.20284,32211.2955,0,23575.73977,0,0.00190202,48696.17352,0,0,0.00265184,0.001160362,0.00362814,0,0.003592508,0.000639448,0.004915904
2.59226795,140730.905,35936.61059,32276.32825,0,23623.33783,0,0.00175775,48894.61941,0.0016796,0.00194475,0.00213175,0.0002409,7.30E-05,0,0,0.0011261,0
2.597491044,141114.3885,36009.01834,32341.36099,0,23670.93588,0,0.00161348,49093.06628,0,0.00161257,0.00161166,0,0,0.000509534,0,0.001612752,0
2.602714138,141497.875,36081.4261,32406.39373,0,23718.53394,0,0.00146921,49291.51217,0,0.00128039,0.00109157,0,0.00077522,0.001175368,0,0,0.003272842
2.607937232,141881.3572,36153.83385,32471.42648,0,23766.132,0,0.00132494,49489.95854,0.000292416,0.00094821,0.00057148,0.001388764,0,0.001841202,0,0,0
2.613160326,142264.8391,36226.2416,32536.45922,0,23813.73005,0,0.00118067,49688.40443,0,0.00061603,5.14E-05,0.000469302,0.00147744,0,0,0,0
2.61838342,142648.3236,36298.64935,32601.49196,0,23861.32811,0,0.0010364,49886.85081,0.00066971,0,0,0,0,0,2.11E-05,0,0.00162978
2.623606514,143031.8188,36371.0571,32666.52471,0,23908.92616,0,0.00089213,50085.2967,0,0.00385792,0,0,0.00217966,0,0.000727902,0.000139762,0.006290426
2.628829608,143425.8907,36443.46486,32731.55745,0,23956.52422,0.001904356,0.00074786,50283.74357,0.001047004,0.00352574,0,0.001617166,0,0.000598288,0.001434744,0.000626414,10.58907607
2.634052702,144124.0377,36515.87261,32796.59019,0,24004.12227,0.001768814,0.00060359,50482.18897,0,0.00319356,0,0.000697704,0.00288188,0.001264122,0.002141586,0.001113066,325.2499867
2.639275796,144822.5618,36588.28036,32861.62294,0,24051.72033,0.001633272,0.00045932,50680.63583,0.001424298,0.00286138,0,0.003684492,0,0.001929956,0.002848428,0.001599718,640.2858974
2.64449889,145521.4834,36660.68811,32926.65568,0,24099.31838,0.00149773,0.00031505,50879.08172,0,0.0025292,0,0,0.0035841,0,0.00355527,0,955.728058
2.649721984,146220.7971,36733.09586,32991.68842,0,24146.91644,0.001362188,0.00017078,51077.5281,0.001801592,0.00219702,0,0.001845568,2.90E-05,0,0,0,1271.560844
2.654945078,146920.4893,36805.50362,33056.72117,0,24194.5145,0.001226646,2.65E-05,51275.97448,3.71E-05,0.00186484,0.00370317,0,0,2.12E-05,0,0,1587.768629
2.660168172,147620.5725,36877.91137,33121.75391,0,24242.11255,0.001091104,0,51474.42037,0,0.00153266,0.00318308,6.64E-06,0.00073118,0.000687042,0,0,1904.36704
2.665391266,148321.0352,36950.31912,33186.78665,0.00191968,24289.71061,0.000955562,0,51672.86675,0.000414408,0.00120048,0.00266299,0.002993432,0,0.001352876,0,0.000126728,2221.340451
2.67061436,149021.8802,37022.72687,33251.8194,0.00181905,24337.30866,0.00082002,0,51871.31312,0,0.0008683,0.0021429,0,0.0014334,0,0,0.00061338,2538.704486
2.675837454,149723.1197,37095.13462,33316.85214,0.00171842,24384.90672,0.000684478,0,52069.7595,0.000791702,0.00053612,0.00162281,0.001154508,0,0,0,0.001100032,2856.459147
2.681060548,150424.7341,37167.54238,33381.88488,0.00161779,24432.50477,0.000548936,0,52268.20539,0,0.00020394,0.00110272,0,0.00213562,0,0.000690664,0.001586684,3174.588808
2.686283642,151126.7361,37239.95013,33446.91763,0.00151716,24480.10283,0.000413394,0,52466.65128,0.001168996,0,0.00058263,0,0,0.000109962,0.001397506,0,3493.109093
2.691506736,151829.1214,37312.35788,33511.95037,0.00141653,24527.70089,0.000277852,0,52665.09815,0,0,6.25E-05,0.002302372,0.00283784,0.000775796,0.002104348,0,3812.004379
2.69672983,152531.8898,37384.76563,33576.98311,0.0013159,24575.29894,0.00014231,0,52863.54452,0.00154629,0,0,0,0,0.00144163,0.00281119,0,4131.290289
2.701952924,153235.0366,37457.17339,33642.01586,0.00121527,24622.897,6.77E-06,0,53061.99041,0,0,0,0.000463448,0.00354006,0,0.003518032,0,4450.9512
2.707176018,153938.5553,37529.58114,33707.0486,0.00111464,24670.49505,0,0,53260.43679,0.001923584,0,0,0.003450236,0,0,0,0.000113694,4770.987111
2.712399112,154642.4614,37601.98889,33772.08134,0.00101401,24718.09311,0,0,53458.88268,0.000159106,0,0,0,0,0,0,0.000600346,5091.413646
2.717622206,155346.735,37674.39664,33837.11409,0.00091338,24765.69116,0,0,53657.32906,0,0,0,0.001611312,0.00068714,0.000198716,0,0.001086998,5412.199557
2.7228453,156051.3953,37746.80439,33902.14683,0.00081275,24813.28922,0,0,53855.77495,0.0005364,0,0,0,0,0.00086455,0,0.00157365,5733.376093
2.728068394,156756.434,37819.21215,33967.17957,0.00071212,24860.88727,0,0.00191298,54054.22181,0,0,0,0,0.00138936,0.001530384,0,0,6054.927628
2.733291488,157461.8497,37891.6199,34032.21232,0.00061149,24908.48533,0,0.00176871,54252.66819,0.000913694,0,0.00371432,0.002759176,0,0,0,0,6376.854164
2.738514582,158167.634,37964.02765,34097.24506,0.00051086,24956.08339,0,0.00162444,54451.11408,0,0,0.00319423,0,0.00209158,0,0.000653426,0,6699.1557
2.743737676,158873.8106,38036.4354,34162.2778,0.00041023,25003.68144,0,0.00148017,54649.55997,0.001290988,0,0.00267414,0.000920252,0,0,0.001360268,0,7021.84786
2.74896077,159580.3517,38108.84315,34227.31055,0.0003096,25051.2795,0,0.0013359,54848.00635,0,0.0036981,0.00215405,0,0.0027938,0.00028747,0.00206711,0.00010066,7344.899396
2.754183864,160287.2628,38181.25091,34292.34329,0.00020897,25098.87755,0,0.00119163,55046.45272,0.001668282,0.00336592,0.00163396,0,0,0.000953304,0.002773952,0.000587312,7668.325932
2.759406958,160994.5539,38253.65866,34357.37603,0.00010834,25146.47561,0,0.00104736,55244.8991,0,0.00303374,0.00111387,0.002068116,0.00349602,0.001619138,0.003480794,0.001073964,7992.127467
2.764630052,161702.2036,38326.06641,34422.40878,7.71E-06,25194.07366,0,0.00090309,55443.34499,0,0.00270156,0.00059378,0,0,0,0,0.001560616,8316.304003
2.769853146,162410.2224,38398.47416,34487.44152,0,25241.67172,0,0.00075882,55641.79137,0.000281098,0.00236938,7.37E-05,0.000229192,0,0,0,0,8640.839914
2.77507624,163118.6367,38470.88192,34552.47426,0,25289.26978,0,0.00061455,55840.23775,0,0.0020372,0,0.00321598,0.0006431,0,0,0,8965.766449
2.780299334,163827.4056,38543.28967,34617.50701,0,25336.86783,0.001879888,0.00047028,56038.68364,0.000658392,0.00170502,0,0,0,0.000376224,0,0,9291.05236
2.785522428,164536.5535,38615.69742,34682.53975,0,25384.46589,0.001744346,0.00032601,56237.13001,0,0.00137284,0,0.001377056,0.00134532,0.001042058,0,0,9616.71327
2.790745522,165246.0572,38688.10517,34747.57249,0,25432.06394,0.001608804,0.00018174,56435.57639,0.001035686,0.00104066,0,0,0,0.001707892,0,8.76E-05,9942.733556
2.795968616,165955.9367,38760.51292,34812.60524,0,25479.662,0.001473262,3.75E-05,56634.02228,0,0.00070848,0,0,0.00204754,0,0.000616188,0.000574278,10269.12884
2.80119171,166666.194,38832.92068,34877.63798,0,25527.26005,0.00133772,0,56832.46817,0.00141298,0.0003763,0,0.00252492,0,0,0.00132303,0.00106093,10595.89913
2.806414804,167376.8087,38905.32843,34942.67072,0,25574.85811,0.001202178,0,57030.91504,0,4.41E-05,0,0,0.00274976,0,0.002029872,0.001547582,10923.02879
2.811637898,168087.8007,38977.73618,35007.70347,0,25622.45616,0.001066636,0,57229.36093,0.001790274,0,0.00372547,0.000685996,0,0.000464978,0.002736714,0,11250.53345
2.816860992,168799.155,39050.14393,35072.73621,0,25670.05422,0.000931094,0,57427.8073,2.58E-05,0,0.00320538,0.003672784,0.00345198,0.001130812,0.003443556,0,11578.39748
2.822084086,169510.8558,39122.55168,35137.76895,0,25717.65228,0.000795552,0,57626.25368,0,0,0.00268529,0,0,0.001796646,0,0.003007538,11906.6209
2.82730718,170222.9354,39194.95944,35202.8017,0,25765.25033,0.00066001,0,57824.69957,0.00040309,0,0.0021652,0.00183386,0,0,0,0,12235.21931
2.832530274,170935.3758,39267.36719,35267.83444,0,25812.84839,0.000524468,0,58023.14595,0,0,0.00164511,0,0.00059906,0,0,0,12564.17709
2.837753368,171648.1959,39339.77494,35332.86719,0.00250514,25860.44644,0.000388926,0,58221.59208,0.000780384,0,0.00112502,0,0,0,0,0.000561244,12893.50988
2.842976462,172361.3757,39412.18269,35397.89993,0.00240451,25908.0445,0.000253384,0,58420.03846,0,0,0.00060493,0.002981724,0.00130128,0.000553732,0,0,13223.20204
2.848199556,173074.9105,39484.59044,35462.93267,0.00230388,25955.64255,0.000117842,0,58618.48484,0.001157678,0,8.48E-05,0,0,0.001219566,0,0.001534548,13553.25357
2.85342265,173788.8072,39556.9982,35527.96542,0.00220325,26003.24061,0,0,58816.93073,0,0,0,0.0011428,0.0020035,0.0018854,0.00057895,0,13883.66448
2.858645744,174503.0777,39629.40595,35592.99816,0.00210262,26050.83867,0,0,59015.37711,0.001534972,0,0,0,0,0,0.001285792,0.002507852,14214.45039
2.863868838,175217.6916,39701.8137,35658.0309,0.00200199,26098.43672,0,0,59213.82348,0,0,0,0,0.00270572,0,0.001992634,0,14545.58006
2.869091932,175932.6923,39774.22145,35723.06365,0.00190136,26146.03478,0,0.00192394,59412.26962,0.001912266,0.00387046,0,0.002290664,0,0,0.002699476,0.003481156,14877.08472
2.874315026,176648.0372,39846.62921,35788.09639,0.00180073,26193.63283,0,0.00177967,59610.71526,0.000147788,0.00353828,0,0,0.00340794,0.000642486,0.003406318,6.16E-05,15208.94875
2.87953812,177363.7239,39919.03696,35853.12913,0.0017001,26241.23089,0,0.0016354,59809.16213,0,0.0032061,0,0.00045174,0,0.00130832,0,0,15541.15654
2.884761214,178079.7936,39991.44471,35918.16188,0.00159947,26288.82894,0,0.00149113,60007.60777,0.000525082,0.00287392,0,0.003438528,0,0,0,0.001034862,15873.73932
2.889984308,178796.2194,40063.85246,35983.19462,0.00149884,26336.427,0,0.00134686,60206.05415,0,0.00254174,0.00373662,0,0.00055502,0,0,0,16206.68148
2.895207402,179512.9931,40136.26021,36048.22736,0.00139821,26384.02505,0,0.00120259,60404.50053,0.000902376,0.00220956,0.00321653,0.001599604,0,0,0,0.002008166,16539.96739
2.900430496,180230.1188,40208.66797,36113.26011,0.00129758,26431.62311,0,0.00105832,60602.94666,0,0.00187738,0.00269644,0,0.00125724,6.54E-05,0,0,16873.61268
2.90565359,180947.6268,40281.07572,36178.29285,0.00119695,26479.22117,0,0.00091405,60801.39328,0.00127967,0.0015452,0.00217635,0,0,0.00073124,0,0.00298147,17207.63297
2.910876684,181665.4761,40353.48347,36243.32559,0.00109632,26526.81922,0,0.00076978,60999.83942,0,0.00121302,0.00165626,0.002747468,0.00195946,0.001397074,0.000541712,0,17541.997
2.916099778,182383.6791,40425.89122,36308.35834,0.00099569,26574.41728,0,0.00062551,61198.28531,0.001656964,0.00088084,0.00113617,0,0,0,0.001248554,0,17876.72041
2.921322872,183102.237,40498.29897,36373.39108,0.00089506,26622.01533,0,0.00048124,61396.73168,0.003798736,0.00054866,0.00061608,0.000908544,0.00266168,0,0.001955396,0.000535176,18211.78757
2.926545966,183821.1461,40570.70673,36438.42382,0.00079443,26669.61339,0,0.00033697,61595.17806,0.002034258,0.00021648,9.60E-05,0.003895332,0,0,0.002662238,0,18547.21411
2.93176906,184540.4186,40643.11448,36503.45657,0.0006938,26717.21144,0.00185542,0.0001927,61793.62468,0.00026978,0,0,0,0.0033639,0.00015416,0.00336908,0.00150848,18883.00002
2.936992154,185260.0414,40715.52223,36568.48931,0.00059317,26764.8095,0.001719878,4.84E-05,61992.06984,0,0,0,0.002056408,0,0.000819994,0,0,19219.1453
2.942215248,185980.0167,40787.92998,36633.52205,0.00049254,26812.40756,0.001584336,0,62190.51671,0,0,0,0,0,0.001485828,0,0.002481784,19555.63434
2.947438342,186700.3486,40860.33774,36698.5548,0.00039191,26860.00561,0.001448794,0,62388.96235,0.002788846,0,0,0.000217484,0.00051098,0,0,0,19892.48275
2.952661436,187421.0299,40932.74549,36763.58754,0.00029128,26907.60367,0.001313252,0,62587.40897,0.001024368,0,0,0.003204272,0,0,0,0.003455088,20229.67491
2.95788453,188142.0597,41005.15324,36828.62028,0.00019065,26955.20172,0.00117771,0,62785.85535,0,0,0,0,0.0012132,0,0,3.55E-05,20567.22645
2.963107624,188863.4395,41077.56099,36893.65303,9.00E-05,27002.79978,0.001042168,0,62984.30124,0,0,0,0.001365348,0,0.000242914,0,0,20905.12173
2.968330718,189585.1731,41149.96874,36958.68577,0,27050.39783,0.000906626,0,63182.7475,0.003543434,0,0.00374777,0,0.00191542,0.000908748,0.000504474,0.001008794,21243.36077
2.973553812,190307.253,41222.3765,37023.71851,0,27097.99589,0.000771084,0,63381.19436,0.001778956,0,0.00322768,0,0,0.001574582,0.001211316,0,21581.95918
2.978776906,191029.6993,41294.78425,37088.75126,0,27145.59394,0.000635542,0,63579.6405,1.45E-05,0,0.00270759,0.002513212,0.00261764,0,0.001918158,0.001982098,21920.91696
2.984,191752.4628,41367.192,37153.784,0,27193.192,0.0005,0,63778.08663,0,0,0.0021875,0,0,0,0.002625,0,22260.20288
